provider_id,department_id,specialty,years_experience,provider_panel_size,avg_visit_duration_min,overbooking_index,high_admin_strain_flag
PR000001,D016,Obstetrics,25,1244,28.7,2.01,1
PR000002,D034,Dermatology,10,315,30.5,0.89,0
PR000003,D024,Infectious Disease,5,705,40.6,1.21,0
PR000004,D005,Radiology,9,956,32.0,1.43,0
PR000005,D002,Oncology,1,825,24.6,2.34,1
PR000006,D041,Obstetrics,21,848,39.1,1.28,0
PR000007,D037,Pulmonology,13,1092,37.7,1.2,0
PR000008,D041,Obstetrics,31,575,26.7,1.05,0
PR000009,D013,Nephrology,34,962,28.9,0.96,0
PR000010,D045,Ent,9,1074,36.0,1.54,1
PR000011,D002,Oncology,14,881,18.0,1.31,0
PR000012,D015,Surgery,26,728,25.8,0.69,0
PR000013,D042,Gynecology,10,277,23.7,0.55,0
PR000014,D024,Infectious Disease,27,602,30.6,1.1,0
PR000015,D043,Urology,10,709,29.8,1.17,0
PR000016,D028,Neurology,27,1011,28.8,0.53,0
PR000017,D013,Nephrology,29,531,9.8,1.13,0
PR000018,D045,Ent,20,1019,33.6,0.81,0
PR000019,D038,Nephrology,27,971,15.3,0.62,0
PR000020,D034,Dermatology,25,1563,26.6,1.03,0
PR000021,D012,Pulmonology,8,874,33.1,1.69,1
PR000022,D002,Oncology,21,969,31.3,1.0,0
PR000023,D029,Emergency,4,1108,27.2,0.99,0
PR000024,D009,Dermatology,34,1338,19.5,1.2,0
PR000025,D012,Pulmonology,25,873,31.4,1.13,0
PR000026,D017,Gynecology,13,942,32.6,0.97,0
PR000027,D027,Oncology,8,693,23.2,0.49,0
PR000028,D047,Rehabilitation,26,607,31.3,0.71,0
PR000029,D042,Gynecology,10,944,35.8,1.99,1
PR000030,D045,Ent,34,889,41.1,0.78,0
PR000031,D050,Rheumatology,11,467,26.0,1.98,1
PR000032,D021,Internal Medicine,26,958,8.0,0.93,0
PR000033,D038,Nephrology,4,879,39.9,1.26,0
PR000034,D044,Ophthalmology,2,1092,17.4,1.62,1
PR000035,D046,Internal Medicine,26,288,26.4,1.14,0
PR000036,D010,Endocrinology,21,616,37.4,0.75,0
PR000037,D025,Rheumatology,22,1223,32.9,1.02,0
PR000038,D016,Obstetrics,21,766,26.0,1.06,0
PR000039,D046,Internal Medicine,2,871,19.7,1.35,0
PR000040,D049,Infectious Disease,3,1326,8.0,1.11,0
PR000041,D032,Pediatrics,5,435,26.1,2.43,1
PR000042,D015,Surgery,17,676,29.0,1.25,0
PR000043,D034,Dermatology,14,1145,41.2,0.61,0
PR000044,D019,Ophthalmology,5,747,26.7,0.96,0
PR000045,D019,Ophthalmology,9,1185,25.6,1.32,0
PR000046,D011,Gastroenterology,10,1083,31.5,0.63,0
PR000047,D012,Pulmonology,17,617,27.5,1.12,0
PR000048,D042,Gynecology,24,753,33.8,0.81,0
PR000049,D033,Orthopedics,10,905,35.7,1.4,0
PR000050,D043,Urology,12,522,19.5,1.55,1
PR000051,D001,Cardiology,16,1109,17.9,0.73,0
PR000052,D018,Urology,18,1247,36.9,0.66,0
PR000053,D044,Ophthalmology,3,657,37.3,1.18,0
PR000054,D010,Endocrinology,28,574,19.6,0.79,0
PR000055,D013,Nephrology,24,943,32.5,2.35,1
PR000056,D046,Internal Medicine,9,586,26.4,0.9,0
PR000057,D049,Infectious Disease,34,367,35.5,1.08,0
PR000058,D044,Ophthalmology,23,825,18.2,1.06,0
PR000059,D045,Ent,27,673,27.5,0.7,0
PR000060,D032,Pediatrics,23,1302,33.7,0.99,0
PR000061,D017,Gynecology,19,1415,22.3,1.11,0
PR000062,D022,Rehabilitation,24,1743,25.8,0.4,0
PR000063,D014,Psychiatry,19,701,38.7,1.06,0
PR000064,D014,Psychiatry,25,1028,23.7,0.61,0
PR000065,D005,Radiology,18,1198,34.5,2.35,1
PR000066,D043,Urology,7,739,35.2,0.8,0
PR000067,D015,Surgery,10,1916,33.2,1.89,1
PR000068,D034,Dermatology,28,582,19.8,1.26,0
PR000069,D037,Pulmonology,17,1211,25.4,0.93,0
PR000070,D039,Psychiatry,27,1025,27.3,1.01,0
PR000071,D002,Oncology,23,1201,25.1,2.36,1
PR000072,D039,Psychiatry,32,526,27.1,1.14,0
PR000073,D022,Rehabilitation,13,815,30.6,0.9,0
PR000074,D041,Obstetrics,19,432,34.2,1.43,0
PR000075,D025,Rheumatology,4,1004,27.0,0.66,0
PR000076,D013,Nephrology,15,729,34.5,0.86,0
PR000077,D013,Nephrology,26,1108,27.6,1.11,0
PR000078,D037,Pulmonology,28,761,23.2,0.65,0
PR000079,D015,Surgery,8,834,37.7,1.82,1
PR000080,D045,Ent,15,1109,32.4,0.88,0
PR000081,D001,Cardiology,22,117,31.8,1.16,0
PR000082,D004,Emergency,24,659,29.9,0.98,0
PR000083,D038,Nephrology,29,843,34.3,0.97,0
PR000084,D002,Oncology,2,802,30.3,0.68,0
PR000085,D041,Obstetrics,20,1446,16.8,2.41,1
PR000086,D025,Rheumatology,5,833,31.3,1.17,0
PR000087,D046,Internal Medicine,28,1235,27.5,1.39,0
PR000088,D028,Neurology,16,751,17.8,1.31,0
PR000089,D017,Gynecology,31,343,32.0,0.77,0
PR000090,D021,Internal Medicine,10,739,23.1,1.41,0
PR000091,D002,Oncology,21,1017,31.6,1.06,0
PR000092,D018,Urology,11,1114,26.1,1.1,0
PR000093,D008,Orthopedics,7,1007,32.8,1.52,1
PR000094,D036,Gastroenterology,13,1223,19.6,0.94,0
PR000095,D038,Nephrology,22,1021,30.9,2.04,1
PR000096,D037,Pulmonology,17,1027,32.4,1.24,0
PR000097,D048,Geriatrics,7,474,30.6,0.85,0
PR000098,D033,Orthopedics,4,1057,34.8,1.05,0
PR000099,D020,Ent,19,940,37.9,0.9,0
PR000100,D004,Emergency,35,933,38.6,0.97,0
PR000101,D039,Psychiatry,25,1052,22.6,1.45,0
PR000102,D022,Rehabilitation,19,479,26.5,0.71,0
PR000103,D045,Ent,27,1154,36.8,1.37,0
PR000104,D024,Infectious Disease,19,700,22.6,0.68,0
PR000105,D043,Urology,31,813,29.2,0.63,0
PR000106,D003,Neurology,3,874,38.1,1.31,0
PR000107,D023,Geriatrics,31,1046,31.0,0.52,0
PR000108,D006,Family Medicine,35,1010,36.2,0.67,0
PR000109,D035,Endocrinology,35,750,38.0,0.81,0
PR000110,D022,Rehabilitation,2,997,11.7,1.2,0
PR000111,D028,Neurology,21,859,20.0,0.9,0
PR000112,D046,Internal Medicine,32,1083,33.2,1.48,0
PR000113,D041,Obstetrics,13,1081,22.5,0.98,0
PR000114,D029,Emergency,23,693,40.7,1.5,0
PR000115,D046,Internal Medicine,8,1056,43.8,0.95,0
PR000116,D005,Radiology,31,504,33.0,0.99,0
PR000117,D017,Gynecology,29,853,35.7,0.8,0
PR000118,D023,Geriatrics,34,1342,36.9,1.4,0
PR000119,D001,Cardiology,19,372,9.7,0.75,0
PR000120,D002,Oncology,24,1043,32.2,0.93,0
PR000121,D023,Geriatrics,5,974,34.1,1.27,0
PR000122,D007,Pediatrics,28,743,45.7,1.08,0
PR000123,D032,Pediatrics,25,597,28.8,0.85,0
PR000124,D043,Urology,12,361,33.2,0.82,0
PR000125,D028,Neurology,20,966,32.5,0.78,0
PR000126,D028,Neurology,29,1495,34.3,0.56,0
PR000127,D043,Urology,19,1168,20.4,1.12,0
PR000128,D008,Orthopedics,30,729,22.8,1.23,0
PR000129,D038,Nephrology,31,541,28.2,1.12,0
PR000130,D011,Gastroenterology,29,1084,26.8,1.16,0
PR000131,D049,Infectious Disease,22,934,43.2,1.53,1
PR000132,D049,Infectious Disease,19,1416,26.2,0.4,0
PR000133,D039,Psychiatry,3,877,38.5,0.91,0
PR000134,D035,Endocrinology,4,669,39.7,0.78,0
PR000135,D035,Endocrinology,16,745,40.9,0.76,0
PR000136,D005,Radiology,19,846,21.9,0.86,0
PR000137,D004,Emergency,4,878,39.0,0.74,0
PR000138,D004,Emergency,21,1175,21.6,0.81,0
PR000139,D042,Gynecology,4,756,19.0,1.26,0
PR000140,D021,Internal Medicine,22,1119,24.9,1.54,1
PR000141,D014,Psychiatry,11,1131,19.6,0.99,0
PR000142,D033,Orthopedics,19,1082,34.4,0.91,0
PR000143,D016,Obstetrics,30,601,21.5,1.0,0
PR000144,D028,Neurology,23,747,33.5,1.08,0
PR000145,D007,Pediatrics,27,1329,22.5,1.2,0
PR000146,D018,Urology,15,841,29.7,1.12,0
PR000147,D040,Surgery,27,1185,21.7,0.97,0
PR000148,D005,Radiology,21,818,18.1,1.15,0
PR000149,D006,Family Medicine,8,1078,36.8,1.2,0
PR000150,D013,Nephrology,12,283,30.3,1.01,0
PR000151,D044,Ophthalmology,10,1288,15.1,0.98,0
PR000152,D017,Gynecology,2,1223,20.1,1.28,0
PR000153,D010,Endocrinology,6,595,30.6,0.67,0
PR000154,D023,Geriatrics,26,477,24.9,0.8,0
PR000155,D044,Ophthalmology,9,782,16.3,1.16,0
PR000156,D027,Oncology,27,944,21.4,0.89,0
PR000157,D031,Family Medicine,19,1156,16.8,0.94,0
PR000158,D047,Rehabilitation,16,672,23.9,0.76,0
PR000159,D001,Cardiology,26,424,33.3,1.36,0
PR000160,D022,Rehabilitation,28,1027,33.5,1.38,0
PR000161,D011,Gastroenterology,4,1100,16.3,1.72,1
PR000162,D025,Rheumatology,6,718,38.6,0.91,0
PR000163,D050,Rheumatology,16,1246,33.2,1.02,0
PR000164,D007,Pediatrics,10,899,41.0,0.81,0
PR000165,D008,Orthopedics,31,873,40.4,0.94,0
PR000166,D029,Emergency,35,517,25.1,1.17,0
PR000167,D022,Rehabilitation,25,330,36.5,2.02,1
PR000168,D039,Psychiatry,34,989,28.5,0.99,0
PR000169,D028,Neurology,27,1220,21.2,1.0,0
PR000170,D047,Rehabilitation,11,743,38.6,1.27,0
PR000171,D033,Orthopedics,21,1007,26.2,0.97,0
PR000172,D003,Neurology,6,740,26.5,1.34,0
PR000173,D020,Ent,26,1261,22.4,1.18,0
PR000174,D041,Obstetrics,22,970,21.7,0.8,0
PR000175,D025,Rheumatology,29,1090,31.3,1.33,0
PR000176,D048,Geriatrics,25,563,24.7,1.08,0
PR000177,D027,Oncology,9,373,25.6,1.08,0
PR000178,D034,Dermatology,32,596,23.6,2.41,1
PR000179,D039,Psychiatry,28,418,25.2,1.3,0
PR000180,D010,Endocrinology,6,564,34.7,1.31,0
PR000181,D009,Dermatology,34,1142,31.2,1.29,0
PR000182,D029,Emergency,15,1250,22.3,1.22,0
PR000183,D040,Surgery,15,707,24.0,1.01,0
PR000184,D026,Cardiology,3,1312,26.0,1.05,0
PR000185,D025,Rheumatology,9,716,34.5,0.95,0
PR000186,D019,Ophthalmology,35,1223,27.6,0.71,0
PR000187,D026,Cardiology,28,1523,22.0,1.08,0
PR000188,D044,Ophthalmology,22,1060,19.8,1.04,0
PR000189,D039,Psychiatry,2,1065,31.2,1.25,0
PR000190,D025,Rheumatology,11,628,36.9,1.13,0
PR000191,D031,Family Medicine,8,396,15.1,0.91,0
PR000192,D008,Orthopedics,21,960,42.7,0.78,0
PR000193,D049,Infectious Disease,6,851,29.6,1.4,0
PR000194,D033,Orthopedics,4,560,41.1,0.89,0
PR000195,D036,Gastroenterology,30,1037,17.5,0.97,0
PR000196,D033,Orthopedics,26,654,26.2,1.38,0
PR000197,D026,Cardiology,14,968,29.9,2.22,1
PR000198,D036,Gastroenterology,32,938,25.1,0.87,0
PR000199,D016,Obstetrics,13,954,31.0,0.88,0
PR000200,D027,Oncology,2,907,23.5,0.64,0
PR000201,D007,Pediatrics,11,662,18.2,1.22,0
PR000202,D010,Endocrinology,16,1020,30.6,1.65,1
PR000203,D014,Psychiatry,7,1282,23.9,0.9,0
PR000204,D019,Ophthalmology,29,1106,28.3,1.0,0
PR000205,D014,Psychiatry,8,528,41.7,0.97,0
PR000206,D044,Ophthalmology,8,598,31.8,0.84,0
PR000207,D040,Surgery,31,821,24.8,1.1,0
PR000208,D028,Neurology,10,631,20.4,1.27,0
PR000209,D016,Obstetrics,4,904,31.7,1.1,0
PR000210,D030,Radiology,3,661,26.9,1.34,0
PR000211,D034,Dermatology,26,792,24.7,0.98,0
PR000212,D033,Orthopedics,3,868,36.0,0.83,0
PR000213,D004,Emergency,2,483,37.3,1.46,0
PR000214,D016,Obstetrics,19,535,28.0,0.81,0
PR000215,D035,Endocrinology,23,779,25.4,1.48,0
PR000216,D017,Gynecology,11,702,22.8,1.51,1
PR000217,D037,Pulmonology,4,816,30.7,1.03,0
PR000218,D007,Pediatrics,2,963,19.2,0.78,0
PR000219,D008,Orthopedics,3,880,39.1,1.41,0
PR000220,D035,Endocrinology,16,1674,24.1,1.16,0
PR000221,D015,Surgery,17,1101,30.4,1.2,0
PR000222,D014,Psychiatry,27,193,32.2,0.83,0
PR000223,D042,Gynecology,34,702,26.4,1.22,0
PR000224,D013,Nephrology,11,537,39.9,1.27,0
PR000225,D006,Family Medicine,21,955,30.2,0.74,0
PR000226,D041,Obstetrics,34,896,15.4,1.16,0
PR000227,D024,Infectious Disease,30,650,32.3,0.86,0
PR000228,D029,Emergency,7,1192,26.2,0.58,0
PR000229,D042,Gynecology,29,997,39.7,0.75,0
PR000230,D039,Psychiatry,34,161,41.3,0.88,0
PR000231,D046,Internal Medicine,8,694,32.2,0.88,0
PR000232,D025,Rheumatology,27,891,34.4,1.5,0
PR000233,D038,Nephrology,30,883,33.7,0.75,0
PR000234,D035,Endocrinology,13,1615,27.1,1.14,0
PR000235,D019,Ophthalmology,28,754,29.4,0.6,0
PR000236,D031,Family Medicine,31,1028,27.5,0.41,0
PR000237,D007,Pediatrics,20,1159,31.6,1.3,0
PR000238,D008,Orthopedics,14,1002,20.2,0.81,0
PR000239,D030,Radiology,13,1278,35.7,0.73,0
PR000240,D026,Cardiology,8,239,25.5,0.82,0
PR000241,D047,Rehabilitation,32,1421,36.8,1.11,0
PR000242,D036,Gastroenterology,18,691,23.8,0.58,0
PR000243,D041,Obstetrics,3,787,34.3,0.75,0
PR000244,D041,Obstetrics,27,896,24.0,0.59,0
PR000245,D041,Obstetrics,34,1208,41.5,0.96,0
PR000246,D040,Surgery,3,655,34.5,0.84,0
PR000247,D039,Psychiatry,3,819,28.6,1.28,0
PR000248,D032,Pediatrics,10,1426,39.7,1.33,0
PR000249,D039,Psychiatry,12,859,13.9,0.97,0
PR000250,D042,Gynecology,6,1414,26.3,0.83,0
PR000251,D029,Emergency,19,1547,41.2,2.2,1
PR000252,D031,Family Medicine,9,321,22.2,0.85,0
PR000253,D033,Orthopedics,8,1535,40.4,0.4,0
PR000254,D017,Gynecology,12,816,32.5,0.51,0
PR000255,D007,Pediatrics,22,1198,38.7,1.29,0
PR000256,D002,Oncology,14,572,35.1,0.96,0
PR000257,D038,Nephrology,2,711,25.5,0.89,0
PR000258,D030,Radiology,1,486,36.0,0.76,0
PR000259,D037,Pulmonology,34,1537,30.0,1.12,0
PR000260,D001,Cardiology,31,1157,17.4,0.69,0
PR000261,D036,Gastroenterology,17,991,20.1,1.06,0
PR000262,D035,Endocrinology,31,590,33.7,1.82,1
PR000263,D034,Dermatology,24,814,40.7,2.0,1
PR000264,D023,Geriatrics,9,357,24.1,1.04,0
PR000265,D023,Geriatrics,35,634,14.6,1.13,0
PR000266,D016,Obstetrics,28,850,19.1,1.22,0
PR000267,D031,Family Medicine,4,927,36.7,0.52,0
PR000268,D037,Pulmonology,30,980,21.4,1.01,0
PR000269,D007,Pediatrics,1,1073,32.7,0.77,0
PR000270,D050,Rheumatology,4,361,33.5,1.31,0
PR000271,D013,Nephrology,30,1016,20.3,0.72,0
PR000272,D025,Rheumatology,30,1029,15.3,0.78,0
PR000273,D015,Surgery,21,1399,27.3,0.86,0
PR000274,D033,Orthopedics,3,885,24.1,0.8,0
PR000275,D020,Ent,17,626,35.4,2.41,1
PR000276,D038,Nephrology,20,751,32.7,1.1,0
PR000277,D007,Pediatrics,35,795,22.3,1.97,1
PR000278,D008,Orthopedics,33,840,25.8,1.09,0
PR000279,D022,Rehabilitation,31,682,39.7,0.52,0
PR000280,D002,Oncology,1,1076,30.7,0.82,0
PR000281,D036,Gastroenterology,2,1208,26.7,1.28,0
PR000282,D031,Family Medicine,6,586,27.6,1.02,0
PR000283,D036,Gastroenterology,26,1011,22.4,0.81,0
PR000284,D024,Infectious Disease,4,1093,23.8,1.19,0
PR000285,D030,Radiology,8,693,30.7,0.7,0
PR000286,D013,Nephrology,31,1146,28.0,0.73,0
PR000287,D011,Gastroenterology,31,902,27.0,1.11,0
PR000288,D029,Emergency,5,1206,27.2,0.59,0
PR000289,D018,Urology,26,721,37.9,1.36,0
PR000290,D024,Infectious Disease,9,1610,36.4,1.04,0
PR000291,D030,Radiology,31,602,18.2,1.2,0
PR000292,D032,Pediatrics,27,894,31.3,0.84,0
PR000293,D004,Emergency,21,728,15.8,0.61,0
PR000294,D004,Emergency,24,683,40.1,2.07,1
PR000295,D018,Urology,34,996,23.8,0.68,0
PR000296,D026,Cardiology,10,407,22.3,0.82,0
PR000297,D016,Obstetrics,16,974,31.4,0.85,0
PR000298,D012,Pulmonology,35,822,13.0,0.83,0
PR000299,D026,Cardiology,34,815,29.2,1.04,0
PR000300,D018,Urology,6,280,26.7,1.0,0
PR000301,D044,Ophthalmology,15,901,32.2,0.99,0
PR000302,D048,Geriatrics,32,446,30.2,0.97,0
PR000303,D005,Radiology,14,788,12.3,1.0,0
PR000304,D024,Infectious Disease,7,825,30.9,0.82,0
PR000305,D018,Urology,34,163,16.9,0.79,0
PR000306,D012,Pulmonology,27,1069,24.9,0.58,0
PR000307,D015,Surgery,31,805,28.2,0.66,0
PR000308,D015,Surgery,15,693,19.3,1.45,0
PR000309,D023,Geriatrics,22,733,18.8,0.93,0
PR000310,D027,Oncology,31,1683,35.7,0.87,0
PR000311,D050,Rheumatology,18,616,26.0,1.19,0
PR000312,D027,Oncology,19,1505,28.6,1.24,0
PR000313,D045,Ent,12,1161,30.4,1.04,0
PR000314,D050,Rheumatology,20,1039,39.6,1.04,0
PR000315,D025,Rheumatology,1,1465,19.9,2.06,1
PR000316,D006,Family Medicine,12,913,25.7,1.01,0
PR000317,D031,Family Medicine,10,589,39.6,1.02,0
PR000318,D025,Rheumatology,33,1091,23.0,1.29,0
PR000319,D019,Ophthalmology,10,1063,29.1,1.16,0
PR000320,D001,Cardiology,14,1065,41.2,1.04,0
PR000321,D004,Emergency,23,734,28.0,0.4,0
PR000322,D017,Gynecology,16,874,17.4,1.96,1
PR000323,D033,Orthopedics,13,1142,26.3,0.98,0
PR000324,D027,Oncology,12,793,20.8,1.02,0
PR000325,D031,Family Medicine,29,664,27.3,1.67,1
PR000326,D013,Nephrology,5,844,22.7,1.97,1
PR000327,D034,Dermatology,7,922,27.7,1.36,0
PR000328,D034,Dermatology,16,1469,25.2,0.84,0
PR000329,D004,Emergency,18,781,21.8,0.77,0
PR000330,D027,Oncology,27,1088,31.7,1.97,1
PR000331,D013,Nephrology,17,593,23.7,1.66,1
PR000332,D045,Ent,3,987,37.8,1.41,0
PR000333,D030,Radiology,32,978,42.0,0.8,0
PR000334,D010,Endocrinology,3,817,27.4,0.91,0
PR000335,D050,Rheumatology,4,982,19.1,0.96,0
PR000336,D013,Nephrology,9,960,16.4,1.34,0
PR000337,D050,Rheumatology,16,1517,38.4,1.03,0
PR000338,D025,Rheumatology,17,1288,38.9,1.29,0
PR000339,D050,Rheumatology,6,799,30.6,0.92,0
PR000340,D031,Family Medicine,31,622,23.3,1.51,1
PR000341,D035,Endocrinology,28,543,22.8,0.55,0
PR000342,D016,Obstetrics,15,588,32.5,2.02,1
PR000343,D012,Pulmonology,6,894,44.1,0.9,0
PR000344,D035,Endocrinology,13,284,34.5,2.18,1
PR000345,D036,Gastroenterology,19,867,38.7,0.9,0
PR000346,D036,Gastroenterology,9,1109,29.0,1.22,0
PR000347,D024,Infectious Disease,21,721,42.1,1.04,0
PR000348,D003,Neurology,32,751,24.5,0.88,0
PR000349,D040,Surgery,27,1410,21.7,1.18,0
PR000350,D015,Surgery,17,650,29.2,0.86,0
PR000351,D023,Geriatrics,29,1104,25.2,1.02,0
PR000352,D015,Surgery,21,619,31.4,0.91,0
PR000353,D045,Ent,11,1074,8.0,0.75,0
PR000354,D020,Ent,21,769,30.5,1.08,0
PR000355,D050,Rheumatology,7,1011,32.2,0.82,0
PR000356,D006,Family Medicine,15,1409,36.2,0.84,0
PR000357,D046,Internal Medicine,11,623,26.4,0.84,0
PR000358,D048,Geriatrics,18,663,25.4,0.89,0
PR000359,D031,Family Medicine,13,1249,26.7,1.22,0
PR000360,D015,Surgery,34,666,13.9,1.03,0
PR000361,D036,Gastroenterology,11,518,18.2,0.81,0
PR000362,D032,Pediatrics,23,959,33.7,0.63,0
PR000363,D039,Psychiatry,5,841,38.7,0.97,0
PR000364,D041,Obstetrics,28,505,29.9,2.18,1
PR000365,D016,Obstetrics,1,937,25.4,1.7,1
PR000366,D046,Internal Medicine,31,1093,18.2,0.94,0
PR000367,D020,Ent,29,1106,22.5,1.08,0
PR000368,D021,Internal Medicine,16,420,34.6,1.07,0
PR000369,D012,Pulmonology,17,850,27.5,1.18,0
PR000370,D041,Obstetrics,19,350,28.6,1.53,1
PR000371,D027,Oncology,11,941,31.2,1.22,0
PR000372,D042,Gynecology,12,995,33.9,0.76,0
PR000373,D041,Obstetrics,10,920,35.1,1.08,0
PR000374,D048,Geriatrics,4,648,19.5,1.13,0
PR000375,D002,Oncology,21,935,16.7,0.88,0
PR000376,D024,Infectious Disease,4,527,40.8,1.02,0
PR000377,D006,Family Medicine,5,100,30.6,1.15,0
PR000378,D016,Obstetrics,24,1222,35.9,0.73,0
PR000379,D004,Emergency,21,519,26.8,1.21,0
PR000380,D025,Rheumatology,20,1092,37.7,0.76,0
PR000381,D033,Orthopedics,28,480,18.5,0.59,0
PR000382,D001,Cardiology,7,745,20.1,0.89,0
PR000383,D030,Radiology,2,1066,25.9,0.76,0
PR000384,D039,Psychiatry,1,895,34.7,0.99,0
PR000385,D016,Obstetrics,13,623,29.2,0.71,0
PR000386,D033,Orthopedics,27,906,36.7,1.94,1
PR000387,D038,Nephrology,15,954,19.0,0.98,0
PR000388,D024,Infectious Disease,25,623,37.8,1.32,0
PR000389,D026,Cardiology,27,1021,37.1,1.34,0
PR000390,D047,Rehabilitation,5,625,15.9,0.78,0
PR000391,D025,Rheumatology,1,1074,24.3,0.66,0
PR000392,D013,Nephrology,1,868,35.3,0.9,0
PR000393,D040,Surgery,3,1530,10.1,1.77,1
PR000394,D038,Nephrology,11,1107,22.2,0.83,0
PR000395,D015,Surgery,12,562,29.6,0.61,0
PR000396,D001,Cardiology,28,484,27.7,1.11,0
PR000397,D028,Neurology,2,690,28.5,0.74,0
PR000398,D022,Rehabilitation,30,809,30.6,0.43,0
PR000399,D004,Emergency,16,1073,24.5,0.84,0
PR000400,D038,Nephrology,3,1675,39.8,0.88,0
PR000401,D040,Surgery,30,779,18.4,1.13,0
PR000402,D019,Ophthalmology,22,1434,38.0,1.29,0
PR000403,D010,Endocrinology,34,673,19.5,0.96,0
PR000404,D036,Gastroenterology,9,951,21.8,0.87,0
PR000405,D016,Obstetrics,10,988,33.0,0.66,0
PR000406,D027,Oncology,1,531,23.1,0.89,0
PR000407,D047,Rehabilitation,13,1197,48.9,0.9,0
PR000408,D009,Dermatology,3,692,31.2,1.1,0
PR000409,D014,Psychiatry,7,971,36.0,2.58,1
PR000410,D027,Oncology,5,450,29.0,1.35,0
PR000411,D013,Nephrology,33,1005,20.7,0.99,0
PR000412,D041,Obstetrics,11,719,13.2,1.0,0
PR000413,D039,Psychiatry,9,678,30.4,0.59,0
PR000414,D002,Oncology,10,876,23.5,0.95,0
PR000415,D017,Gynecology,21,261,33.5,0.89,0
PR000416,D043,Urology,14,648,24.7,0.96,0
PR000417,D002,Oncology,19,1002,17.3,0.83,0
PR000418,D012,Pulmonology,16,868,35.7,1.1,0
PR000419,D009,Dermatology,1,683,22.4,1.17,0
PR000420,D033,Orthopedics,17,1145,27.2,1.04,0
PR000421,D007,Pediatrics,15,1358,49.5,1.93,1
PR000422,D033,Orthopedics,11,588,28.5,0.82,0
PR000423,D003,Neurology,9,1009,17.9,1.29,0
PR000424,D013,Nephrology,29,1146,33.1,1.27,0
PR000425,D033,Orthopedics,30,832,40.3,0.44,0
PR000426,D028,Neurology,20,1208,23.7,1.29,0
PR000427,D026,Cardiology,17,718,20.1,0.94,0
PR000428,D028,Neurology,7,1224,33.2,1.31,0
PR000429,D045,Ent,17,971,20.9,1.37,0
PR000430,D042,Gynecology,30,1043,32.0,0.92,0
PR000431,D039,Psychiatry,13,936,32.3,0.97,0
PR000432,D030,Radiology,35,1091,21.1,0.79,0
PR000433,D030,Radiology,35,1008,31.8,1.07,0
PR000434,D022,Rehabilitation,3,1031,30.1,0.7,0
PR000435,D041,Obstetrics,13,994,24.2,1.03,0
PR000436,D045,Ent,5,286,37.4,1.7,1
PR000437,D015,Surgery,22,691,38.4,0.8,0
PR000438,D028,Neurology,9,1325,17.7,1.13,0
PR000439,D048,Geriatrics,6,300,29.8,1.02,0
PR000440,D047,Rehabilitation,21,525,35.3,1.31,0
PR000441,D013,Nephrology,31,932,32.8,0.97,0
PR000442,D034,Dermatology,13,871,37.8,0.79,0
PR000443,D033,Orthopedics,19,835,25.6,0.58,0
PR000444,D038,Nephrology,23,687,18.7,0.63,0
PR000445,D040,Surgery,21,595,31.2,1.03,0
PR000446,D048,Geriatrics,26,1364,30.5,0.4,0
PR000447,D049,Infectious Disease,24,664,32.4,0.94,0
PR000448,D029,Emergency,2,589,27.2,1.21,0
PR000449,D027,Oncology,4,651,38.7,1.0,0
PR000450,D026,Cardiology,33,588,29.4,0.99,0
PR000451,D029,Emergency,12,691,17.4,1.32,0
PR000452,D020,Ent,29,686,27.1,0.81,0
PR000453,D031,Family Medicine,31,875,12.2,1.11,0
PR000454,D050,Rheumatology,11,785,20.5,0.89,0
PR000455,D018,Urology,1,845,34.4,1.16,0
PR000456,D046,Internal Medicine,6,922,23.1,1.12,0
PR000457,D016,Obstetrics,17,204,38.8,1.46,0
PR000458,D048,Geriatrics,4,1381,21.5,1.62,1
PR000459,D045,Ent,12,853,19.3,1.33,0
PR000460,D007,Pediatrics,21,1041,43.9,1.46,0
PR000461,D038,Nephrology,21,1049,29.3,0.95,0
PR000462,D037,Pulmonology,9,1250,29.2,0.82,0
PR000463,D012,Pulmonology,21,1359,34.3,1.32,0
PR000464,D046,Internal Medicine,24,745,32.5,1.27,0
PR000465,D039,Psychiatry,29,769,24.7,0.51,0
PR000466,D022,Rehabilitation,29,1009,28.7,1.03,0
PR000467,D044,Ophthalmology,19,1214,26.0,1.37,0
PR000468,D029,Emergency,31,1333,28.7,0.75,0
PR000469,D034,Dermatology,7,1337,40.8,0.65,0
PR000470,D010,Endocrinology,5,1079,34.4,0.88,0
PR000471,D020,Ent,1,923,16.3,0.88,0
PR000472,D031,Family Medicine,19,1073,24.5,1.23,0
PR000473,D019,Ophthalmology,11,966,18.4,0.4,0
PR000474,D012,Pulmonology,31,914,47.2,0.83,0
PR000475,D035,Endocrinology,22,1159,15.8,0.8,0
PR000476,D020,Ent,21,1189,32.7,0.86,0
PR000477,D035,Endocrinology,30,1188,38.5,0.94,0
PR000478,D013,Nephrology,23,809,21.9,0.96,0
PR000479,D041,Obstetrics,16,286,27.6,2.15,1
PR000480,D001,Cardiology,10,914,27.7,0.9,0
PR000481,D031,Family Medicine,18,1123,38.0,1.63,1
PR000482,D049,Infectious Disease,19,724,17.7,0.74,0
PR000483,D027,Oncology,27,909,31.0,1.52,1
PR000484,D015,Surgery,24,646,35.1,1.12,0
PR000485,D011,Gastroenterology,16,1063,34.4,1.36,0
PR000486,D033,Orthopedics,6,998,42.9,0.67,0
PR000487,D003,Neurology,4,472,30.0,1.16,0
PR000488,D033,Orthopedics,28,326,46.4,1.19,0
PR000489,D003,Neurology,6,749,38.2,1.13,0
PR000490,D008,Orthopedics,34,727,17.5,0.75,0
PR000491,D002,Oncology,9,1010,18.0,1.02,0
PR000492,D008,Orthopedics,14,856,27.5,1.23,0
PR000493,D036,Gastroenterology,21,844,25.1,1.08,0
PR000494,D044,Ophthalmology,22,1666,24.5,1.33,0
PR000495,D014,Psychiatry,1,1034,30.7,2.1,1
PR000496,D003,Neurology,15,1115,34.9,1.53,1
PR000497,D008,Orthopedics,20,1269,31.4,1.0,0
PR000498,D016,Obstetrics,33,462,22.7,1.6,1
PR000499,D028,Neurology,30,854,26.8,1.1,0
PR000500,D040,Surgery,23,979,35.7,1.04,0
PR000501,D013,Nephrology,32,912,32.9,0.88,0
PR000502,D030,Radiology,33,1145,17.8,0.4,0
PR000503,D001,Cardiology,31,1098,27.9,1.29,0
PR000504,D026,Cardiology,35,1043,29.9,1.91,1
PR000505,D010,Endocrinology,14,742,45.1,1.33,0
PR000506,D027,Oncology,22,1131,25.3,0.93,0
PR000507,D021,Internal Medicine,25,1082,11.8,1.04,0
PR000508,D046,Internal Medicine,6,1274,31.3,0.83,0
PR000509,D027,Oncology,35,871,22.1,0.98,0
PR000510,D009,Dermatology,10,1357,39.0,0.92,0
PR000511,D006,Family Medicine,34,566,27.6,1.05,0
PR000512,D049,Infectious Disease,15,566,26.6,0.82,0
PR000513,D007,Pediatrics,33,1149,16.8,0.8,0
PR000514,D049,Infectious Disease,14,691,25.8,1.18,0
PR000515,D036,Gastroenterology,32,1419,29.8,0.99,0
PR000516,D040,Surgery,9,696,26.2,1.29,0
PR000517,D044,Ophthalmology,6,1131,37.1,0.89,0
PR000518,D024,Infectious Disease,16,846,12.5,1.25,0
PR000519,D050,Rheumatology,15,643,19.6,0.79,0
PR000520,D022,Rehabilitation,11,994,36.9,1.22,0
PR000521,D032,Pediatrics,5,685,22.0,0.74,0
PR000522,D043,Urology,33,498,20.7,2.56,1
PR000523,D031,Family Medicine,1,841,31.5,1.13,0
PR000524,D031,Family Medicine,22,1057,34.4,1.02,0
PR000525,D011,Gastroenterology,7,812,21.2,0.89,0
PR000526,D032,Pediatrics,12,716,29.5,1.12,0
PR000527,D038,Nephrology,15,409,26.0,0.45,0
PR000528,D008,Orthopedics,14,220,12.1,1.0,0
PR000529,D013,Nephrology,14,580,31.9,2.33,1
PR000530,D015,Surgery,14,1051,26.1,1.05,0
PR000531,D026,Cardiology,7,1586,16.3,0.52,0
PR000532,D036,Gastroenterology,6,1173,34.0,1.08,0
PR000533,D038,Nephrology,2,929,31.9,0.4,0
PR000534,D032,Pediatrics,23,267,26.9,1.26,0
PR000535,D018,Urology,31,847,17.3,1.0,0
PR000536,D020,Ent,26,1104,29.1,1.02,0
PR000537,D008,Orthopedics,5,725,26.3,0.79,0
PR000538,D006,Family Medicine,2,605,35.1,0.83,0
PR000539,D047,Rehabilitation,12,950,35.3,0.79,0
PR000540,D018,Urology,27,1307,27.8,1.03,0
PR000541,D042,Gynecology,24,629,22.2,1.08,0
PR000542,D039,Psychiatry,23,837,30.7,1.42,0
PR000543,D008,Orthopedics,8,192,23.3,0.93,0
PR000544,D006,Family Medicine,29,1053,38.7,1.24,0
PR000545,D045,Ent,27,1137,24.0,0.8,0
PR000546,D037,Pulmonology,25,610,33.5,0.91,0
PR000547,D044,Ophthalmology,30,953,23.8,1.06,0
PR000548,D048,Geriatrics,16,1040,22.1,1.19,0
PR000549,D046,Internal Medicine,23,602,40.5,0.76,0
PR000550,D045,Ent,14,1095,31.4,1.05,0
PR000551,D027,Oncology,31,903,41.3,1.02,0
PR000552,D032,Pediatrics,34,1417,20.8,2.15,1
PR000553,D025,Rheumatology,27,1167,22.4,1.25,0
PR000554,D043,Urology,25,1265,27.4,0.54,0
PR000555,D013,Nephrology,31,463,22.8,0.98,0
PR000556,D017,Gynecology,20,1231,26.9,0.98,0
PR000557,D012,Pulmonology,6,1325,23.4,2.11,1
PR000558,D004,Emergency,14,1021,29.1,0.58,0
PR000559,D006,Family Medicine,25,1104,24.9,1.14,0
PR000560,D025,Rheumatology,29,1055,27.4,1.24,0
PR000561,D048,Geriatrics,33,630,22.8,1.17,0
PR000562,D043,Urology,3,770,15.5,1.86,1
PR000563,D027,Oncology,13,945,34.1,1.66,1
PR000564,D008,Orthopedics,28,1220,30.9,0.89,0
PR000565,D029,Emergency,2,699,33.6,0.98,0
PR000566,D008,Orthopedics,6,1474,27.8,1.19,0
PR000567,D027,Oncology,12,1132,35.4,2.36,1
PR000568,D016,Obstetrics,25,878,27.5,1.33,0
PR000569,D014,Psychiatry,7,677,24.6,0.99,0
PR000570,D035,Endocrinology,21,997,20.2,2.02,1
PR000571,D010,Endocrinology,4,773,33.1,0.87,0
PR000572,D012,Pulmonology,32,1203,33.7,0.85,0
PR000573,D006,Family Medicine,9,834,32.1,1.01,0
PR000574,D046,Internal Medicine,7,1292,23.6,1.3,0
PR000575,D001,Cardiology,7,546,30.3,1.09,0
PR000576,D007,Pediatrics,34,710,33.4,0.94,0
PR000577,D049,Infectious Disease,25,100,27.9,1.02,0
PR000578,D017,Gynecology,14,305,10.6,0.85,0
PR000579,D036,Gastroenterology,16,729,27.6,1.05,0
PR000580,D032,Pediatrics,11,426,28.4,0.84,0
PR000581,D022,Rehabilitation,13,1326,29.0,0.9,0
PR000582,D033,Orthopedics,5,869,33.4,0.8,0
PR000583,D049,Infectious Disease,35,1015,26.6,1.2,0
PR000584,D023,Geriatrics,22,815,9.2,1.02,0
PR000585,D001,Cardiology,23,1006,32.9,0.74,0
PR000586,D012,Pulmonology,26,768,25.1,0.61,0
PR000587,D019,Ophthalmology,35,1086,24.8,2.44,1
PR000588,D042,Gynecology,18,1000,31.6,0.56,0
PR000589,D026,Cardiology,16,649,35.2,1.93,1
PR000590,D050,Rheumatology,1,1031,42.7,0.46,0
PR000591,D006,Family Medicine,6,707,20.7,1.12,0
PR000592,D044,Ophthalmology,25,1142,30.5,0.82,0
PR000593,D018,Urology,27,545,26.6,1.05,0
PR000594,D036,Gastroenterology,16,1078,28.0,0.89,0
PR000595,D033,Orthopedics,29,692,27.8,0.8,0
PR000596,D003,Neurology,5,653,26.9,0.87,0
PR000597,D001,Cardiology,10,987,41.4,2.53,1
PR000598,D028,Neurology,34,856,31.4,1.12,0
PR000599,D029,Emergency,17,1237,29.7,1.26,0
PR000600,D040,Surgery,5,721,22.0,1.1,0
PR000601,D026,Cardiology,22,1310,28.5,1.08,0
PR000602,D042,Gynecology,16,176,25.2,0.56,0
PR000603,D005,Radiology,28,1330,43.1,0.9,0
PR000604,D025,Rheumatology,15,801,23.1,1.09,0
PR000605,D020,Ent,3,847,19.5,1.11,0
PR000606,D010,Endocrinology,32,919,37.7,1.13,0
PR000607,D018,Urology,7,1091,30.9,0.99,0
PR000608,D024,Infectious Disease,4,1015,30.1,1.11,0
PR000609,D023,Geriatrics,22,1312,35.1,1.32,0
PR000610,D041,Obstetrics,26,925,27.0,0.85,0
PR000611,D010,Endocrinology,14,1109,25.3,0.82,0
PR000612,D019,Ophthalmology,30,732,31.6,0.86,0
PR000613,D043,Urology,15,1026,23.4,1.22,0
PR000614,D044,Ophthalmology,20,1272,26.0,1.23,0
PR000615,D040,Surgery,13,246,35.8,1.21,0
PR000616,D041,Obstetrics,30,1501,23.9,0.81,0
PR000617,D030,Radiology,12,483,16.5,1.06,0
PR000618,D017,Gynecology,17,1052,36.3,0.73,0
PR000619,D040,Surgery,4,1107,36.2,0.54,0
PR000620,D014,Psychiatry,11,852,22.5,1.15,0
PR000621,D028,Neurology,16,1274,20.2,1.09,0
PR000622,D025,Rheumatology,34,1331,26.4,1.03,0
PR000623,D024,Infectious Disease,11,987,26.3,1.26,0
PR000624,D035,Endocrinology,23,982,27.4,1.1,0
PR000625,D015,Surgery,12,998,36.5,1.2,0
PR000626,D035,Endocrinology,16,1295,36.9,1.19,0
PR000627,D022,Rehabilitation,7,848,18.2,1.05,0
PR000628,D036,Gastroenterology,8,1109,26.7,0.76,0
PR000629,D042,Gynecology,13,411,30.6,1.06,0
PR000630,D008,Orthopedics,11,854,17.2,0.77,0
PR000631,D029,Emergency,16,1704,35.9,0.62,0
PR000632,D005,Radiology,10,1423,27.4,0.65,0
PR000633,D047,Rehabilitation,26,824,32.0,1.15,0
PR000634,D014,Psychiatry,35,510,26.7,0.51,0
PR000635,D045,Ent,30,251,24.8,1.14,0
PR000636,D045,Ent,19,1206,23.2,1.16,0
PR000637,D034,Dermatology,18,986,32.1,0.86,0
PR000638,D028,Neurology,14,1115,41.0,0.75,0
PR000639,D022,Rehabilitation,31,1267,26.5,0.84,0
PR000640,D037,Pulmonology,4,424,35.6,0.99,0
PR000641,D014,Psychiatry,32,954,27.5,0.96,0
PR000642,D011,Gastroenterology,8,752,23.4,0.96,0
PR000643,D002,Oncology,24,1053,40.5,0.93,0
PR000644,D036,Gastroenterology,4,717,25.4,1.04,0
PR000645,D031,Family Medicine,25,1228,22.0,0.56,0
PR000646,D016,Obstetrics,3,972,27.3,1.07,0
PR000647,D046,Internal Medicine,4,689,43.8,0.53,0
PR000648,D035,Endocrinology,33,1179,26.6,1.06,0
PR000649,D033,Orthopedics,21,1017,37.4,1.06,0
PR000650,D031,Family Medicine,21,1047,37.2,1.39,0
PR000651,D006,Family Medicine,10,1060,17.4,0.5,0
PR000652,D032,Pediatrics,31,946,21.3,0.51,0
PR000653,D025,Rheumatology,13,927,12.7,0.89,0
PR000654,D044,Ophthalmology,33,931,26.1,0.81,0
PR000655,D009,Dermatology,29,483,27.3,0.83,0
PR000656,D001,Cardiology,20,1571,17.5,1.2,0
PR000657,D029,Emergency,29,853,23.4,0.96,0
PR000658,D045,Ent,5,818,31.9,1.31,0
PR000659,D004,Emergency,1,562,37.4,1.12,0
PR000660,D027,Oncology,8,1439,38.2,1.72,1
PR000661,D001,Cardiology,17,728,26.9,1.26,0
PR000662,D049,Infectious Disease,18,470,39.6,0.98,0
PR000663,D032,Pediatrics,12,1609,23.3,0.77,0
PR000664,D007,Pediatrics,21,960,23.4,1.22,0
PR000665,D021,Internal Medicine,5,743,21.1,1.17,0
PR000666,D019,Ophthalmology,23,686,23.9,1.06,0
PR000667,D037,Pulmonology,8,1487,28.9,0.84,0
PR000668,D028,Neurology,14,966,24.6,0.94,0
PR000669,D038,Nephrology,28,991,28.2,1.39,0
PR000670,D010,Endocrinology,4,950,20.7,2.0,1
PR000671,D002,Oncology,28,605,18.0,1.1,0
PR000672,D042,Gynecology,29,730,43.5,1.69,1
PR000673,D022,Rehabilitation,13,922,25.3,2.27,1
PR000674,D030,Radiology,1,1103,38.4,0.52,0
PR000675,D014,Psychiatry,3,1021,26.6,1.44,0
PR000676,D019,Ophthalmology,26,982,24.7,0.8,0
PR000677,D038,Nephrology,4,831,41.0,0.58,0
PR000678,D029,Emergency,19,1135,30.9,0.94,0
PR000679,D005,Radiology,2,1131,19.9,1.89,1
PR000680,D006,Family Medicine,33,591,26.9,0.82,0
PR000681,D041,Obstetrics,27,391,43.9,0.68,0
PR000682,D028,Neurology,26,983,23.5,0.77,0
PR000683,D024,Infectious Disease,16,815,14.5,0.95,0
PR000684,D011,Gastroenterology,20,974,11.4,1.15,0
PR000685,D023,Geriatrics,17,695,32.5,1.07,0
PR000686,D009,Dermatology,24,1128,25.2,1.58,1
PR000687,D011,Gastroenterology,31,899,21.6,1.1,0
PR000688,D028,Neurology,31,888,24.1,1.28,0
PR000689,D010,Endocrinology,17,1041,19.2,1.14,0
PR000690,D014,Psychiatry,20,1112,32.9,1.19,0
PR000691,D025,Rheumatology,23,358,34.6,0.79,0
PR000692,D043,Urology,21,1191,28.1,1.03,0
PR000693,D003,Neurology,22,902,47.1,1.08,0
PR000694,D016,Obstetrics,14,1038,33.0,0.87,0
PR000695,D005,Radiology,28,493,33.9,1.04,0
PR000696,D019,Ophthalmology,9,680,19.0,0.4,0
PR000697,D029,Emergency,28,1401,23.4,0.7,0
PR000698,D022,Rehabilitation,2,674,30.9,0.95,0
PR000699,D021,Internal Medicine,9,1041,29.0,0.92,0
PR000700,D047,Rehabilitation,5,820,18.3,1.04,0
PR000701,D023,Geriatrics,23,847,26.3,0.8,0
PR000702,D023,Geriatrics,13,1242,26.7,1.34,0
PR000703,D009,Dermatology,26,774,26.1,0.92,0
PR000704,D027,Oncology,3,895,30.2,1.46,0
PR000705,D040,Surgery,3,145,32.1,0.62,0
PR000706,D045,Ent,9,1166,27.2,1.77,1
PR000707,D048,Geriatrics,25,1053,31.5,0.93,0
PR000708,D005,Radiology,18,889,30.9,1.07,0
PR000709,D036,Gastroenterology,11,953,17.8,0.95,0
PR000710,D001,Cardiology,4,832,30.3,1.04,0
PR000711,D045,Ent,7,811,20.7,0.87,0
PR000712,D011,Gastroenterology,12,1318,18.8,0.68,0
PR000713,D034,Dermatology,24,672,26.9,0.62,0
PR000714,D003,Neurology,20,914,22.5,1.26,0
PR000715,D018,Urology,10,1121,23.3,0.96,0
PR000716,D021,Internal Medicine,4,742,34.3,1.48,0
PR000717,D048,Geriatrics,3,845,33.8,1.03,0
PR000718,D020,Ent,35,579,37.1,1.41,0
PR000719,D047,Rehabilitation,31,736,23.6,1.94,1
PR000720,D017,Gynecology,20,1130,29.3,1.16,0
PR000721,D033,Orthopedics,15,762,32.1,0.44,0
PR000722,D015,Surgery,29,896,32.7,1.06,0
PR000723,D031,Family Medicine,24,966,23.1,1.16,0
PR000724,D019,Ophthalmology,1,215,34.9,1.07,0
PR000725,D024,Infectious Disease,24,1089,26.2,1.04,0
PR000726,D044,Ophthalmology,27,671,31.6,1.38,0
PR000727,D004,Emergency,34,661,29.2,1.07,0
PR000728,D040,Surgery,7,821,14.6,0.85,0
PR000729,D023,Geriatrics,12,1134,25.1,0.92,0
PR000730,D026,Cardiology,20,924,33.5,1.08,0
PR000731,D020,Ent,7,1208,24.1,1.45,0
PR000732,D028,Neurology,33,771,24.6,1.28,0
PR000733,D048,Geriatrics,4,624,31.7,1.3,0
PR000734,D032,Pediatrics,33,1582,31.0,1.0,0
PR000735,D022,Rehabilitation,14,1640,16.2,0.87,0
PR000736,D013,Nephrology,33,1051,33.6,0.75,0
PR000737,D038,Nephrology,30,955,46.8,1.09,0
PR000738,D045,Ent,34,818,21.2,1.09,0
PR000739,D046,Internal Medicine,14,927,21.2,0.99,0
PR000740,D044,Ophthalmology,25,1199,31.2,1.15,0
PR000741,D006,Family Medicine,26,435,21.7,1.51,1
PR000742,D011,Gastroenterology,16,1409,31.8,1.06,0
PR000743,D033,Orthopedics,16,804,24.9,1.2,0
PR000744,D006,Family Medicine,31,703,30.2,1.19,0
PR000745,D030,Radiology,30,1024,41.2,1.51,1
PR000746,D030,Radiology,26,960,30.0,1.24,0
PR000747,D029,Emergency,24,700,26.5,1.05,0
PR000748,D019,Ophthalmology,2,1356,27.4,0.89,0
PR000749,D038,Nephrology,15,1077,27.2,0.89,0
PR000750,D044,Ophthalmology,31,997,20.9,1.7,1
PR000751,D021,Internal Medicine,23,1045,44.3,2.14,1
PR000752,D025,Rheumatology,22,952,22.4,0.88,0
PR000753,D010,Endocrinology,15,711,35.5,1.04,0
PR000754,D043,Urology,13,1042,19.3,0.65,0
PR000755,D050,Rheumatology,6,858,23.4,0.97,0
PR000756,D032,Pediatrics,28,538,48.3,1.49,0
PR000757,D020,Ent,13,1097,21.3,1.38,0
PR000758,D038,Nephrology,20,1143,26.3,1.02,0
PR000759,D048,Geriatrics,29,815,32.0,1.86,1
PR000760,D040,Surgery,14,550,15.2,1.03,0
PR000761,D024,Infectious Disease,20,733,25.5,1.08,0
PR000762,D047,Rehabilitation,23,1025,27.6,0.98,0
PR000763,D045,Ent,5,907,44.2,0.64,0
PR000764,D033,Orthopedics,25,666,29.2,0.57,0
PR000765,D034,Dermatology,17,381,16.7,1.53,1
PR000766,D002,Oncology,19,1165,17.5,1.13,0
PR000767,D047,Rehabilitation,10,913,24.1,0.63,0
PR000768,D027,Oncology,3,708,35.0,0.86,0
PR000769,D011,Gastroenterology,10,1214,30.8,1.14,0
PR000770,D007,Pediatrics,19,696,33.0,1.34,0
PR000771,D038,Nephrology,34,528,33.9,1.09,0
PR000772,D048,Geriatrics,3,337,24.6,0.85,0
PR000773,D025,Rheumatology,29,1324,28.1,2.14,1
PR000774,D010,Endocrinology,2,1192,40.0,1.24,0
PR000775,D019,Ophthalmology,4,934,29.9,1.85,1
PR000776,D040,Surgery,25,948,30.0,1.09,0
PR000777,D038,Nephrology,32,826,22.1,2.09,1
PR000778,D011,Gastroenterology,12,538,22.0,1.35,0
PR000779,D018,Urology,27,957,19.7,0.76,0
PR000780,D039,Psychiatry,14,709,27.5,1.05,0
PR000781,D025,Rheumatology,5,1266,17.8,1.01,0
PR000782,D024,Infectious Disease,35,1302,37.1,1.21,0
PR000783,D001,Cardiology,3,398,19.2,0.83,0
PR000784,D044,Ophthalmology,15,1094,19.6,1.2,0
PR000785,D020,Ent,3,956,38.5,1.07,0
PR000786,D046,Internal Medicine,7,1261,28.6,1.09,0
PR000787,D011,Gastroenterology,4,661,28.0,0.81,0
PR000788,D017,Gynecology,28,119,25.6,0.98,0
PR000789,D013,Nephrology,23,619,44.5,0.89,0
PR000790,D045,Ent,28,1155,37.4,0.93,0
PR000791,D049,Infectious Disease,10,872,34.4,0.9,0
PR000792,D041,Obstetrics,24,1075,24.4,1.28,0
PR000793,D008,Orthopedics,21,982,25.2,1.09,0
PR000794,D003,Neurology,5,678,28.2,2.2,1
PR000795,D024,Infectious Disease,2,757,29.3,0.97,0
PR000796,D027,Oncology,14,868,38.2,0.79,0
PR000797,D018,Urology,7,662,34.3,1.25,0
PR000798,D010,Endocrinology,2,943,21.1,1.0,0
PR000799,D036,Gastroenterology,6,697,43.4,0.83,0
PR000800,D029,Emergency,11,1266,32.7,1.47,0
PR000801,D014,Psychiatry,9,1120,8.0,0.87,0
PR000802,D048,Geriatrics,6,904,37.0,0.85,0
PR000803,D025,Rheumatology,25,100,30.7,0.9,0
PR000804,D006,Family Medicine,21,951,30.2,0.87,0
PR000805,D037,Pulmonology,9,208,27.5,1.24,0
PR000806,D030,Radiology,18,815,20.1,1.45,0
PR000807,D026,Cardiology,16,689,39.1,1.03,0
PR000808,D020,Ent,32,1086,18.7,0.99,0
PR000809,D006,Family Medicine,30,1074,15.9,0.79,0
PR000810,D021,Internal Medicine,9,779,31.0,1.07,0
PR000811,D015,Surgery,3,998,45.9,0.93,0
PR000812,D038,Nephrology,29,1156,25.9,0.69,0
PR000813,D012,Pulmonology,4,1099,26.3,2.59,1
PR000814,D007,Pediatrics,22,1395,24.8,1.09,0
PR000815,D045,Ent,28,1167,14.6,0.82,0
PR000816,D026,Cardiology,19,1483,19.4,0.92,0
PR000817,D009,Dermatology,26,677,39.9,0.97,0
PR000818,D047,Rehabilitation,34,1415,25.7,0.83,0
PR000819,D011,Gastroenterology,33,747,21.2,1.22,0
PR000820,D024,Infectious Disease,34,1198,27.0,0.87,0
PR000821,D021,Internal Medicine,6,697,10.5,2.37,1
PR000822,D008,Orthopedics,30,960,21.3,0.5,0
PR000823,D035,Endocrinology,12,889,46.7,1.22,0
PR000824,D018,Urology,1,917,32.1,1.54,1
PR000825,D040,Surgery,15,1142,23.4,0.64,0
PR000826,D044,Ophthalmology,15,1128,37.5,0.98,0
PR000827,D047,Rehabilitation,31,849,10.6,0.7,0
PR000828,D018,Urology,22,863,45.6,0.5,0
PR000829,D040,Surgery,6,1208,21.4,0.93,0
PR000830,D043,Urology,19,968,21.7,0.87,0
PR000831,D042,Gynecology,29,1003,35.9,0.87,0
PR000832,D045,Ent,18,516,33.3,1.05,0
PR000833,D020,Ent,24,1107,21.1,0.56,0
PR000834,D028,Neurology,25,914,10.8,1.16,0
PR000835,D038,Nephrology,35,210,33.8,0.89,0
PR000836,D048,Geriatrics,26,810,34.7,0.52,0
PR000837,D033,Orthopedics,5,998,18.3,0.85,0
PR000838,D019,Ophthalmology,2,1041,35.7,0.57,0
PR000839,D006,Family Medicine,1,844,31.1,1.27,0
PR000840,D021,Internal Medicine,29,728,15.3,1.22,0
PR000841,D039,Psychiatry,23,1107,39.0,0.85,0
PR000842,D036,Gastroenterology,4,313,40.0,1.12,0
PR000843,D039,Psychiatry,33,916,29.4,1.31,0
PR000844,D027,Oncology,19,775,33.3,0.97,0
PR000845,D032,Pediatrics,1,1135,47.9,1.19,0
PR000846,D027,Oncology,20,875,19.0,0.91,0
PR000847,D003,Neurology,26,909,39.1,0.97,0
PR000848,D003,Neurology,28,811,28.0,0.75,0
PR000849,D039,Psychiatry,11,1761,27.7,0.56,0
PR000850,D008,Orthopedics,8,1015,32.8,0.88,0
PR000851,D009,Dermatology,3,991,16.8,1.29,0
PR000852,D035,Endocrinology,2,997,23.1,1.23,0
PR000853,D045,Ent,6,982,26.1,0.78,0
PR000854,D024,Infectious Disease,4,1136,30.7,0.77,0
PR000855,D032,Pediatrics,6,380,25.5,0.74,0
PR000856,D042,Gynecology,22,1039,32.8,1.17,0
PR000857,D041,Obstetrics,13,609,34.2,1.19,0
PR000858,D018,Urology,20,1621,19.9,1.12,0
PR000859,D023,Geriatrics,10,1196,30.9,0.9,0
PR000860,D014,Psychiatry,2,1173,29.2,1.51,1
PR000861,D003,Neurology,31,522,40.3,1.29,0
PR000862,D005,Radiology,5,1095,20.3,1.02,0
PR000863,D027,Oncology,16,637,36.5,0.7,0
PR000864,D030,Radiology,35,855,30.8,0.81,0
PR000865,D020,Ent,11,955,33.2,1.09,0
PR000866,D021,Internal Medicine,18,1111,15.8,0.76,0
PR000867,D025,Rheumatology,34,805,30.3,1.1,0
PR000868,D031,Family Medicine,7,1253,10.4,1.33,0
PR000869,D012,Pulmonology,27,1239,36.8,1.3,0
PR000870,D013,Nephrology,16,773,31.9,0.52,0
PR000871,D046,Internal Medicine,27,1081,16.8,0.86,0
PR000872,D015,Surgery,10,569,10.6,0.88,0
PR000873,D006,Family Medicine,20,970,27.6,0.84,0
PR000874,D009,Dermatology,22,1016,22.4,1.14,0
PR000875,D016,Obstetrics,22,1113,12.0,0.77,0
PR000876,D046,Internal Medicine,8,1593,22.3,0.71,0
PR000877,D042,Gynecology,28,1201,31.6,0.96,0
PR000878,D026,Cardiology,4,732,19.0,1.33,0
PR000879,D012,Pulmonology,25,705,36.2,1.2,0
PR000880,D031,Family Medicine,13,1030,24.2,1.11,0
PR000881,D004,Emergency,22,814,16.3,1.16,0
PR000882,D036,Gastroenterology,25,663,22.3,1.27,0
PR000883,D036,Gastroenterology,19,548,39.8,1.31,0
PR000884,D019,Ophthalmology,29,1044,16.6,1.16,0
PR000885,D004,Emergency,10,497,36.3,1.18,0
PR000886,D002,Oncology,26,1150,14.4,0.66,0
PR000887,D008,Orthopedics,19,1394,37.3,0.86,0
PR000888,D014,Psychiatry,7,1055,36.0,0.72,0
PR000889,D048,Geriatrics,22,789,23.1,1.05,0
PR000890,D019,Ophthalmology,18,1309,29.3,1.01,0
PR000891,D030,Radiology,1,1128,15.6,0.75,0
PR000892,D015,Surgery,15,1220,20.3,1.22,0
PR000893,D034,Dermatology,35,801,27.9,1.07,0
PR000894,D033,Orthopedics,28,773,27.1,0.91,0
PR000895,D013,Nephrology,15,1136,35.6,0.66,0
PR000896,D012,Pulmonology,13,710,18.4,1.03,0
PR000897,D001,Cardiology,23,889,31.6,0.53,0
PR000898,D027,Oncology,19,1043,32.7,0.97,0
PR000899,D012,Pulmonology,27,760,29.1,1.0,0
PR000900,D002,Oncology,3,949,32.9,1.02,0
PR000901,D025,Rheumatology,32,876,30.8,0.94,0
PR000902,D043,Urology,20,648,21.5,0.77,0
PR000903,D035,Endocrinology,27,836,48.9,1.09,0
PR000904,D041,Obstetrics,6,1133,13.9,1.1,0
PR000905,D016,Obstetrics,22,642,28.9,1.04,0
PR000906,D017,Gynecology,29,697,18.0,0.78,0
PR000907,D014,Psychiatry,35,1252,27.6,0.57,0
PR000908,D010,Endocrinology,28,809,37.1,1.24,0
PR000909,D006,Family Medicine,14,1247,36.7,0.76,0
PR000910,D031,Family Medicine,1,862,23.7,1.17,0
PR000911,D040,Surgery,17,961,25.5,1.09,0
PR000912,D016,Obstetrics,1,1147,25.7,1.09,0
PR000913,D039,Psychiatry,16,838,23.5,1.45,0
PR000914,D021,Internal Medicine,29,863,41.5,1.09,0
PR000915,D043,Urology,26,982,32.6,1.1,0
PR000916,D041,Obstetrics,30,1468,36.1,0.83,0
PR000917,D006,Family Medicine,22,845,31.8,1.72,1
PR000918,D010,Endocrinology,6,641,16.4,0.93,0
PR000919,D011,Gastroenterology,26,1019,31.0,0.79,0
PR000920,D036,Gastroenterology,21,957,27.0,1.16,0
PR000921,D006,Family Medicine,32,486,23.3,0.64,0
PR000922,D004,Emergency,29,743,40.2,0.88,0
PR000923,D034,Dermatology,18,977,33.2,0.84,0
PR000924,D048,Geriatrics,21,1220,34.9,0.66,0
PR000925,D039,Psychiatry,20,806,27.1,1.06,0
PR000926,D007,Pediatrics,8,1256,30.0,0.87,0
PR000927,D016,Obstetrics,6,733,29.9,1.22,0
PR000928,D023,Geriatrics,1,1179,8.5,1.19,0
PR000929,D019,Ophthalmology,29,827,24.6,0.87,0
PR000930,D025,Rheumatology,9,1141,25.0,1.11,0
PR000931,D043,Urology,7,844,14.6,2.53,1
PR000932,D002,Oncology,17,502,19.0,0.95,0
PR000933,D035,Endocrinology,1,1060,38.2,0.73,0
PR000934,D041,Obstetrics,18,100,34.6,1.25,0
PR000935,D014,Psychiatry,22,769,30.6,1.17,0
PR000936,D021,Internal Medicine,17,1213,31.2,1.25,0
PR000937,D001,Cardiology,1,828,42.0,1.0,0
PR000938,D020,Ent,27,295,39.1,1.3,0
PR000939,D041,Obstetrics,20,536,24.6,0.86,0
PR000940,D041,Obstetrics,35,808,31.5,1.14,0
PR000941,D002,Oncology,3,658,43.5,0.97,0
PR000942,D030,Radiology,22,712,16.2,1.05,0
PR000943,D045,Ent,2,905,51.5,1.08,0
PR000944,D041,Obstetrics,33,619,28.0,0.9,0
PR000945,D050,Rheumatology,23,678,28.8,0.4,0
PR000946,D041,Obstetrics,13,1194,27.4,1.43,0
PR000947,D043,Urology,4,889,29.7,1.11,0
PR000948,D041,Obstetrics,9,322,40.2,1.24,0
PR000949,D004,Emergency,31,694,31.1,1.18,0
PR000950,D031,Family Medicine,7,1025,27.3,1.02,0
PR000951,D013,Nephrology,4,999,38.1,0.97,0
PR000952,D031,Family Medicine,14,1494,25.0,1.34,0
PR000953,D018,Urology,34,1282,13.0,0.94,0
PR000954,D032,Pediatrics,23,1061,26.1,0.74,0
PR000955,D033,Orthopedics,8,619,44.2,1.19,0
PR000956,D022,Rehabilitation,6,1184,26.8,1.2,0
PR000957,D028,Neurology,2,714,14.1,1.0,0
PR000958,D020,Ent,20,841,27.8,1.24,0
PR000959,D043,Urology,32,1016,38.1,1.23,0
PR000960,D020,Ent,12,1230,29.8,1.31,0
PR000961,D039,Psychiatry,19,770,28.9,1.06,0
PR000962,D037,Pulmonology,10,1225,20.7,2.17,1
PR000963,D003,Neurology,34,459,22.5,0.74,0
PR000964,D042,Gynecology,10,871,35.4,1.04,0
PR000965,D045,Ent,25,1307,31.4,1.2,0
PR000966,D039,Psychiatry,11,889,25.8,1.27,0
PR000967,D021,Internal Medicine,30,800,23.4,1.26,0
PR000968,D026,Cardiology,18,311,20.8,1.23,0
PR000969,D021,Internal Medicine,5,702,21.3,1.53,1
PR000970,D032,Pediatrics,10,947,16.4,0.98,0
PR000971,D025,Rheumatology,28,1087,36.8,1.23,0
PR000972,D014,Psychiatry,1,760,33.6,1.25,0
PR000973,D038,Nephrology,6,936,20.9,0.82,0
PR000974,D049,Infectious Disease,20,935,26.9,0.85,0
PR000975,D014,Psychiatry,8,1161,26.3,1.09,0
PR000976,D018,Urology,6,1125,24.4,0.57,0
PR000977,D018,Urology,6,1574,31.7,0.91,0
PR000978,D018,Urology,23,642,24.8,0.6,0
PR000979,D049,Infectious Disease,32,876,30.1,1.16,0
PR000980,D045,Ent,13,932,36.8,1.17,0
PR000981,D020,Ent,30,1271,31.3,1.24,0
PR000982,D042,Gynecology,25,721,20.7,0.78,0
PR000983,D034,Dermatology,27,297,24.0,0.97,0
PR000984,D021,Internal Medicine,28,996,26.3,1.14,0
PR000985,D041,Obstetrics,25,569,30.7,2.05,1
PR000986,D044,Ophthalmology,29,783,38.5,0.79,0
PR000987,D038,Nephrology,22,858,21.9,0.68,0
PR000988,D035,Endocrinology,21,806,30.5,0.91,0
PR000989,D042,Gynecology,12,943,17.5,1.32,0
PR000990,D044,Ophthalmology,2,1069,35.3,1.28,0
PR000991,D002,Oncology,17,1071,27.6,0.53,0
PR000992,D043,Urology,14,814,25.2,1.9,1
PR000993,D041,Obstetrics,3,640,27.2,2.44,1
PR000994,D021,Internal Medicine,1,1239,36.1,0.81,0
PR000995,D028,Neurology,7,627,8.0,1.0,0
PR000996,D001,Cardiology,9,1378,45.1,0.99,0
PR000997,D019,Ophthalmology,34,1044,39.2,1.07,0
PR000998,D002,Oncology,17,764,11.2,1.02,0
PR000999,D017,Gynecology,33,1071,37.0,0.47,0
PR001000,D050,Rheumatology,8,1035,24.4,2.27,1
PR001001,D004,Emergency,6,653,25.2,0.8,0
PR001002,D013,Nephrology,3,290,27.4,0.94,0
PR001003,D035,Endocrinology,34,1139,25.7,1.08,0
PR001004,D001,Cardiology,28,1453,38.9,1.01,0
PR001005,D037,Pulmonology,29,934,32.3,1.05,0
PR001006,D010,Endocrinology,15,1337,31.0,1.23,0
PR001007,D003,Neurology,23,1661,48.1,1.11,0
PR001008,D003,Neurology,20,1003,31.7,0.71,0
PR001009,D007,Pediatrics,8,667,21.0,1.0,0
PR001010,D045,Ent,29,971,37.6,1.06,0
PR001011,D028,Neurology,20,1154,35.1,0.92,0
PR001012,D045,Ent,19,603,22.8,2.2,1
PR001013,D027,Oncology,5,182,21.5,1.15,0
PR001014,D016,Obstetrics,16,870,40.1,0.81,0
PR001015,D026,Cardiology,2,801,25.7,1.12,0
PR001016,D007,Pediatrics,26,1005,19.1,1.11,0
PR001017,D022,Rehabilitation,13,373,33.6,1.27,0
PR001018,D030,Radiology,17,667,31.9,1.02,0
PR001019,D019,Ophthalmology,32,627,22.9,0.53,0
PR001020,D038,Nephrology,1,1163,29.3,0.66,0
PR001021,D006,Family Medicine,31,602,20.6,0.69,0
PR001022,D021,Internal Medicine,29,851,30.8,0.71,0
PR001023,D048,Geriatrics,25,817,27.9,1.15,0
PR001024,D045,Ent,18,1480,27.0,1.87,1
PR001025,D021,Internal Medicine,19,1089,31.1,0.79,0
PR001026,D003,Neurology,15,857,19.1,0.73,0
PR001027,D025,Rheumatology,27,885,29.2,0.58,0
PR001028,D014,Psychiatry,11,738,21.2,2.39,1
PR001029,D034,Dermatology,32,1032,19.3,0.85,0
PR001030,D012,Pulmonology,33,830,34.3,0.91,0
PR001031,D024,Infectious Disease,2,1054,32.0,1.3,0
PR001032,D026,Cardiology,15,683,21.5,0.57,0
PR001033,D019,Ophthalmology,27,428,33.0,0.55,0
PR001034,D014,Psychiatry,22,793,13.4,0.47,0
PR001035,D003,Neurology,30,644,19.9,0.91,0
PR001036,D019,Ophthalmology,28,607,26.9,0.97,0
PR001037,D031,Family Medicine,27,851,30.5,0.74,0
PR001038,D036,Gastroenterology,14,873,39.3,1.1,0
PR001039,D045,Ent,22,911,18.8,2.2,1
PR001040,D030,Radiology,22,954,10.5,1.33,0
PR001041,D011,Gastroenterology,6,779,34.7,1.25,0
PR001042,D023,Geriatrics,28,580,25.4,0.94,0
PR001043,D008,Orthopedics,17,952,34.0,1.64,1
PR001044,D035,Endocrinology,33,591,32.8,1.11,0
PR001045,D021,Internal Medicine,10,969,22.8,0.77,0
PR001046,D028,Neurology,15,717,23.7,1.39,0
PR001047,D010,Endocrinology,2,402,20.0,0.8,0
PR001048,D046,Internal Medicine,12,786,37.8,0.93,0
PR001049,D027,Oncology,22,705,43.3,0.68,0
PR001050,D019,Ophthalmology,16,1096,23.4,1.33,0
PR001051,D036,Gastroenterology,21,1086,41.9,1.78,1
PR001052,D035,Endocrinology,33,1175,28.4,0.85,0
PR001053,D015,Surgery,31,807,30.2,1.67,1
PR001054,D002,Oncology,24,947,30.7,0.95,0
PR001055,D001,Cardiology,31,1261,37.6,1.08,0
PR001056,D036,Gastroenterology,22,1236,27.5,1.32,0
PR001057,D048,Geriatrics,13,1164,14.8,1.1,0
PR001058,D003,Neurology,15,577,25.3,1.33,0
PR001059,D005,Radiology,10,826,24.0,1.17,0
PR001060,D026,Cardiology,19,1173,25.1,0.92,0
PR001061,D021,Internal Medicine,3,694,52.3,1.42,0
PR001062,D045,Ent,15,1023,39.8,1.24,0
PR001063,D040,Surgery,19,664,28.8,0.99,0
PR001064,D024,Infectious Disease,1,1027,18.5,0.97,0
PR001065,D005,Radiology,31,844,24.1,0.94,0
PR001066,D040,Surgery,15,1470,32.5,0.99,0
PR001067,D003,Neurology,25,1280,29.4,0.7,0
PR001068,D015,Surgery,2,988,27.7,1.13,0
PR001069,D036,Gastroenterology,26,677,8.0,1.05,0
PR001070,D047,Rehabilitation,6,1037,28.2,0.4,0
PR001071,D038,Nephrology,2,1111,26.8,1.24,0
PR001072,D025,Rheumatology,22,724,24.8,0.89,0
PR001073,D039,Psychiatry,9,852,36.4,0.9,0
PR001074,D046,Internal Medicine,17,698,26.4,1.05,0
PR001075,D021,Internal Medicine,18,1165,37.8,1.13,0
PR001076,D042,Gynecology,13,958,14.2,1.01,0
PR001077,D014,Psychiatry,1,1185,33.3,2.49,1
PR001078,D042,Gynecology,14,940,29.2,0.74,0
PR001079,D033,Orthopedics,17,628,31.7,0.86,0
PR001080,D004,Emergency,35,951,27.3,1.01,0
PR001081,D040,Surgery,7,642,27.6,0.4,0
PR001082,D023,Geriatrics,28,1100,37.1,0.69,0
PR001083,D012,Pulmonology,11,1062,26.5,0.81,0
PR001084,D023,Geriatrics,30,905,42.3,1.84,1
PR001085,D044,Ophthalmology,34,1030,37.1,0.87,0
PR001086,D013,Nephrology,9,1075,14.6,1.18,0
PR001087,D044,Ophthalmology,25,1084,20.0,0.73,0
PR001088,D039,Psychiatry,4,1272,29.8,0.6,0
PR001089,D039,Psychiatry,16,1182,20.2,0.92,0
PR001090,D029,Emergency,5,939,30.9,1.22,0
PR001091,D038,Nephrology,4,1059,30.7,0.94,0
PR001092,D008,Orthopedics,4,866,31.5,1.37,0
PR001093,D040,Surgery,1,989,29.6,0.91,0
PR001094,D043,Urology,31,652,24.5,0.87,0
PR001095,D038,Nephrology,25,1668,32.1,1.01,0
PR001096,D042,Gynecology,35,1300,46.6,0.94,0
PR001097,D036,Gastroenterology,26,1168,24.7,1.6,1
PR001098,D032,Pediatrics,27,1202,30.6,1.25,0
PR001099,D001,Cardiology,25,1395,25.7,0.9,0
PR001100,D020,Ent,13,1019,20.0,2.58,1
PR001101,D004,Emergency,27,1205,21.9,0.6,0
PR001102,D042,Gynecology,8,681,22.5,0.64,0
PR001103,D013,Nephrology,23,1060,28.7,1.01,0
PR001104,D013,Nephrology,29,508,30.9,0.92,0
PR001105,D013,Nephrology,13,851,28.6,1.33,0
PR001106,D023,Geriatrics,24,840,22.5,0.87,0
PR001107,D019,Ophthalmology,7,1244,23.6,0.67,0
PR001108,D025,Rheumatology,18,842,19.0,1.06,0
PR001109,D041,Obstetrics,6,1095,27.5,0.94,0
PR001110,D023,Geriatrics,1,1504,37.5,0.94,0
PR001111,D034,Dermatology,12,509,21.8,0.71,0
PR001112,D018,Urology,10,1486,26.7,1.12,0
PR001113,D002,Oncology,15,940,21.5,1.11,0
PR001114,D003,Neurology,2,442,27.0,1.08,0
PR001115,D002,Oncology,32,788,23.0,1.16,0
PR001116,D023,Geriatrics,16,585,41.3,0.75,0
PR001117,D035,Endocrinology,33,968,20.7,1.19,0
PR001118,D016,Obstetrics,18,800,40.1,1.26,0
PR001119,D001,Cardiology,35,389,16.4,1.37,0
PR001120,D050,Rheumatology,16,1158,34.5,0.99,0
PR001121,D037,Pulmonology,13,520,28.4,1.12,0
PR001122,D023,Geriatrics,13,1526,31.9,0.9,0
PR001123,D005,Radiology,1,871,28.2,0.91,0
PR001124,D048,Geriatrics,18,312,40.7,0.48,0
PR001125,D040,Surgery,31,1306,28.8,0.4,0
PR001126,D027,Oncology,5,929,31.1,1.04,0
PR001127,D020,Ent,17,1319,36.9,1.42,0
PR001128,D008,Orthopedics,9,789,31.0,0.68,0
PR001129,D033,Orthopedics,19,1120,24.4,1.0,0
PR001130,D024,Infectious Disease,17,860,36.9,1.04,0
PR001131,D028,Neurology,8,1348,30.1,1.14,0
PR001132,D039,Psychiatry,32,981,24.9,0.94,0
PR001133,D024,Infectious Disease,3,891,33.7,0.64,0
PR001134,D032,Pediatrics,7,1409,31.3,1.14,0
PR001135,D049,Infectious Disease,7,1247,19.9,0.77,0
PR001136,D002,Oncology,26,439,29.3,1.12,0
PR001137,D031,Family Medicine,20,1188,20.0,1.5,0
PR001138,D038,Nephrology,15,1134,27.8,1.15,0
PR001139,D032,Pediatrics,22,1030,23.4,1.03,0
PR001140,D006,Family Medicine,8,1416,32.6,1.04,0
PR001141,D009,Dermatology,4,599,24.5,1.03,0
PR001142,D023,Geriatrics,28,1363,38.3,0.89,0
PR001143,D004,Emergency,8,860,12.7,1.75,1
PR001144,D010,Endocrinology,16,892,35.6,1.11,0
PR001145,D021,Internal Medicine,31,1038,30.3,0.98,0
PR001146,D001,Cardiology,15,660,33.4,0.72,0
PR001147,D011,Gastroenterology,19,1026,28.8,0.9,0
PR001148,D025,Rheumatology,32,820,24.5,2.26,1
PR001149,D048,Geriatrics,19,562,14.8,1.1,0
PR001150,D017,Gynecology,31,1003,11.4,0.94,0
PR001151,D045,Ent,10,959,35.1,0.76,0
PR001152,D025,Rheumatology,31,907,30.1,1.66,1
PR001153,D023,Geriatrics,33,841,19.4,0.68,0
PR001154,D021,Internal Medicine,8,860,31.0,1.36,0
PR001155,D030,Radiology,4,173,30.7,0.85,0
PR001156,D002,Oncology,19,886,28.8,0.91,0
PR001157,D003,Neurology,31,709,24.9,0.69,0
PR001158,D049,Infectious Disease,28,1040,42.1,0.96,0
PR001159,D050,Rheumatology,18,873,39.4,1.94,1
PR001160,D045,Ent,3,1152,33.4,0.91,0
PR001161,D016,Obstetrics,15,572,28.1,0.99,0
PR001162,D045,Ent,5,1324,22.4,0.5,0
PR001163,D031,Family Medicine,1,826,36.2,1.15,0
PR001164,D044,Ophthalmology,9,993,35.8,0.91,0
PR001165,D014,Psychiatry,26,601,33.1,0.63,0
PR001166,D008,Orthopedics,25,1139,22.8,0.85,0
PR001167,D042,Gynecology,31,736,27.5,1.12,0
PR001168,D025,Rheumatology,35,1202,22.6,1.27,0
PR001169,D031,Family Medicine,13,585,23.1,1.16,0
PR001170,D019,Ophthalmology,31,925,33.8,1.65,1
PR001171,D022,Rehabilitation,2,1297,26.6,0.74,0
PR001172,D028,Neurology,19,684,27.5,0.66,0
PR001173,D001,Cardiology,24,1140,22.2,1.11,0
PR001174,D031,Family Medicine,33,1479,24.9,1.54,1
PR001175,D013,Nephrology,8,715,16.2,0.54,0
PR001176,D012,Pulmonology,2,1187,10.4,0.84,0
PR001177,D022,Rehabilitation,22,659,24.8,1.12,0
PR001178,D050,Rheumatology,3,931,24.3,0.67,0
PR001179,D004,Emergency,4,851,33.9,1.68,1
PR001180,D025,Rheumatology,11,1316,22.9,1.16,0
PR001181,D031,Family Medicine,15,1188,35.8,0.79,0
PR001182,D043,Urology,20,535,27.5,1.01,0
PR001183,D004,Emergency,12,1070,38.0,1.63,1
PR001184,D018,Urology,30,795,28.0,1.22,0
PR001185,D013,Nephrology,18,1319,23.2,1.1,0
PR001186,D038,Nephrology,34,1009,29.2,1.08,0
PR001187,D022,Rehabilitation,1,1029,25.1,0.92,0
PR001188,D038,Nephrology,22,1276,23.9,0.43,0
PR001189,D035,Endocrinology,15,1311,27.1,1.22,0
PR001190,D031,Family Medicine,29,730,29.7,1.06,0
PR001191,D038,Nephrology,18,460,23.9,2.51,1
PR001192,D044,Ophthalmology,20,650,31.8,0.97,0
PR001193,D044,Ophthalmology,5,728,24.1,1.16,0
PR001194,D005,Radiology,24,839,20.2,0.93,0
PR001195,D027,Oncology,23,819,32.2,0.93,0
PR001196,D048,Geriatrics,23,713,29.8,1.05,0
PR001197,D044,Ophthalmology,7,700,28.8,1.04,0
PR001198,D012,Pulmonology,3,1150,26.0,1.05,0
PR001199,D007,Pediatrics,7,679,25.2,1.12,0
PR001200,D047,Rehabilitation,24,1309,35.7,1.3,0
PR001201,D014,Psychiatry,10,1171,30.2,1.47,0
PR001202,D001,Cardiology,21,546,42.9,1.22,0
PR001203,D006,Family Medicine,9,855,24.8,1.25,0
PR001204,D003,Neurology,33,929,29.5,1.13,0
PR001205,D032,Pediatrics,3,1070,22.3,2.43,1
PR001206,D049,Infectious Disease,23,957,27.0,0.8,0
PR001207,D014,Psychiatry,7,1131,33.4,1.13,0
PR001208,D007,Pediatrics,27,1200,28.6,1.07,0
PR001209,D041,Obstetrics,7,793,30.1,1.23,0
PR001210,D028,Neurology,27,309,21.6,1.31,0
PR001211,D003,Neurology,13,821,33.0,1.0,0
PR001212,D046,Internal Medicine,9,522,25.5,1.04,0
PR001213,D043,Urology,4,772,26.6,1.27,0
PR001214,D005,Radiology,3,574,14.3,1.04,0
PR001215,D001,Cardiology,26,152,30.1,0.86,0
PR001216,D034,Dermatology,8,1328,21.6,1.16,0
PR001217,D028,Neurology,1,829,37.6,1.08,0
PR001218,D042,Gynecology,12,1034,21.0,1.05,0
PR001219,D048,Geriatrics,23,1348,24.2,1.03,0
PR001220,D028,Neurology,8,599,24.1,1.12,0
PR001221,D009,Dermatology,27,1116,37.4,0.78,0
PR001222,D042,Gynecology,4,896,36.6,1.16,0
PR001223,D048,Geriatrics,13,1100,18.4,0.84,0
PR001224,D035,Endocrinology,34,858,24.4,0.91,0
PR001225,D020,Ent,23,847,29.8,1.01,0
PR001226,D030,Radiology,20,463,21.5,0.62,0
PR001227,D013,Nephrology,10,813,28.7,1.31,0
PR001228,D029,Emergency,1,1268,21.9,1.06,0
PR001229,D040,Surgery,25,824,36.3,1.38,0
PR001230,D036,Gastroenterology,9,1307,40.5,2.43,1
PR001231,D046,Internal Medicine,23,716,23.1,0.69,0
PR001232,D006,Family Medicine,29,1013,40.7,0.76,0
PR001233,D016,Obstetrics,26,878,21.6,0.8,0
PR001234,D007,Pediatrics,3,632,20.8,1.26,0
PR001235,D040,Surgery,16,1401,31.6,1.11,0
PR001236,D017,Gynecology,34,1118,41.8,1.33,0
PR001237,D007,Pediatrics,35,348,25.9,1.01,0
PR001238,D016,Obstetrics,27,779,36.7,1.13,0
PR001239,D005,Radiology,9,637,25.2,1.47,0
PR001240,D037,Pulmonology,7,547,23.5,0.7,0
PR001241,D049,Infectious Disease,32,849,25.5,1.03,0
PR001242,D009,Dermatology,28,380,39.0,0.85,0
PR001243,D016,Obstetrics,3,602,14.5,2.52,1
PR001244,D003,Neurology,28,771,27.3,0.99,0
PR001245,D044,Ophthalmology,22,1028,30.5,1.22,0
PR001246,D043,Urology,25,561,22.7,1.39,0
PR001247,D015,Surgery,29,923,35.1,1.03,0
PR001248,D042,Gynecology,30,1546,28.1,1.14,0
PR001249,D011,Gastroenterology,12,1228,28.5,1.42,0
PR001250,D049,Infectious Disease,7,1326,19.6,1.11,0
PR001251,D019,Ophthalmology,15,468,28.6,1.73,1
PR001252,D026,Cardiology,3,1010,26.2,0.59,0
PR001253,D042,Gynecology,27,1011,28.9,0.66,0
PR001254,D008,Orthopedics,34,1168,27.2,1.27,0
PR001255,D006,Family Medicine,8,1013,31.1,0.87,0
PR001256,D022,Rehabilitation,9,882,25.8,0.64,0
PR001257,D021,Internal Medicine,35,650,27.9,0.4,0
PR001258,D025,Rheumatology,26,963,38.1,1.05,0
PR001259,D029,Emergency,34,1667,26.2,0.66,0
PR001260,D017,Gynecology,17,216,19.8,0.81,0
PR001261,D022,Rehabilitation,25,649,30.1,0.97,0
PR001262,D009,Dermatology,22,1257,13.5,0.97,0
PR001263,D008,Orthopedics,22,597,18.7,1.69,1
PR001264,D014,Psychiatry,8,1232,36.8,1.09,0
PR001265,D037,Pulmonology,7,1546,24.2,1.36,0
PR001266,D012,Pulmonology,28,1237,21.3,1.08,0
PR001267,D025,Rheumatology,33,736,16.2,0.96,0
PR001268,D026,Cardiology,11,1016,22.4,0.73,0
PR001269,D039,Psychiatry,9,1259,35.8,1.0,0
PR001270,D006,Family Medicine,17,1087,13.9,1.17,0
PR001271,D041,Obstetrics,31,773,32.9,0.9,0
PR001272,D034,Dermatology,29,510,27.2,1.3,0
PR001273,D038,Nephrology,35,664,30.8,1.11,0
PR001274,D046,Internal Medicine,2,238,50.7,0.65,0
PR001275,D048,Geriatrics,16,714,31.1,1.12,0
PR001276,D039,Psychiatry,22,653,32.5,0.62,0
PR001277,D032,Pediatrics,33,1160,22.0,1.61,1
PR001278,D016,Obstetrics,12,1067,30.2,1.15,0
PR001279,D008,Orthopedics,29,963,27.6,1.06,0
PR001280,D026,Cardiology,3,769,32.2,1.28,0
PR001281,D044,Ophthalmology,12,437,36.5,1.14,0
PR001282,D033,Orthopedics,23,777,27.3,0.89,0
PR001283,D045,Ent,13,870,32.9,0.95,0
PR001284,D048,Geriatrics,27,1255,31.4,1.08,0
PR001285,D013,Nephrology,15,540,35.5,0.67,0
PR001286,D012,Pulmonology,27,607,24.5,0.49,0
PR001287,D043,Urology,14,917,39.3,0.85,0
PR001288,D011,Gastroenterology,11,1340,32.4,1.22,0
PR001289,D003,Neurology,2,854,42.6,1.04,0
PR001290,D004,Emergency,14,1188,36.1,0.55,0
PR001291,D042,Gynecology,2,1095,19.7,1.06,0
PR001292,D039,Psychiatry,15,834,26.9,1.06,0
PR001293,D047,Rehabilitation,1,796,41.0,1.19,0
PR001294,D021,Internal Medicine,6,949,40.9,0.47,0
PR001295,D050,Rheumatology,13,529,25.5,1.0,0
PR001296,D042,Gynecology,34,951,23.8,0.89,0
PR001297,D011,Gastroenterology,33,1043,33.6,1.21,0
PR001298,D036,Gastroenterology,18,817,28.1,1.1,0
PR001299,D014,Psychiatry,6,1301,29.0,2.24,1
PR001300,D005,Radiology,10,982,28.4,0.91,0
PR001301,D031,Family Medicine,23,539,16.0,0.63,0
PR001302,D023,Geriatrics,9,1271,32.6,1.14,0
PR001303,D046,Internal Medicine,13,653,44.5,2.33,1
PR001304,D044,Ophthalmology,4,810,31.2,0.4,0
PR001305,D036,Gastroenterology,16,1170,36.8,2.26,1
PR001306,D035,Endocrinology,3,854,17.1,2.3,1
PR001307,D010,Endocrinology,14,929,35.3,0.84,0
PR001308,D007,Pediatrics,5,559,24.7,0.75,0
PR001309,D006,Family Medicine,10,985,39.1,2.26,1
PR001310,D035,Endocrinology,30,865,16.1,0.66,0
PR001311,D001,Cardiology,18,757,27.0,1.46,0
PR001312,D041,Obstetrics,28,546,13.8,1.22,0
PR001313,D050,Rheumatology,11,1175,23.3,2.19,1
PR001314,D026,Cardiology,21,606,24.4,0.99,0
PR001315,D006,Family Medicine,3,441,41.4,1.31,0
PR001316,D018,Urology,32,740,24.3,2.36,1
PR001317,D012,Pulmonology,18,810,26.4,0.93,0
PR001318,D046,Internal Medicine,31,1383,25.8,1.91,1
PR001319,D018,Urology,29,868,27.8,1.19,0
PR001320,D039,Psychiatry,7,1397,32.2,1.12,0
PR001321,D012,Pulmonology,27,703,17.3,1.94,1
PR001322,D014,Psychiatry,5,905,26.0,1.01,0
PR001323,D005,Radiology,7,733,34.3,0.8,0
PR001324,D015,Surgery,26,842,29.0,0.68,0
PR001325,D021,Internal Medicine,34,673,17.9,0.84,0
PR001326,D024,Infectious Disease,33,799,40.0,1.03,0
PR001327,D049,Infectious Disease,35,874,41.4,2.11,1
PR001328,D009,Dermatology,30,1107,35.6,0.59,0
PR001329,D040,Surgery,21,1079,31.1,1.0,0
PR001330,D001,Cardiology,7,1134,39.7,1.04,0
PR001331,D026,Cardiology,35,1047,53.5,1.3,0
PR001332,D003,Neurology,6,903,37.1,1.01,0
PR001333,D027,Oncology,29,925,24.7,0.84,0
PR001334,D050,Rheumatology,31,1398,40.4,1.02,0
PR001335,D036,Gastroenterology,7,1070,27.4,1.37,0
PR001336,D047,Rehabilitation,14,1759,25.3,2.11,1
PR001337,D040,Surgery,4,312,32.7,2.5,1
PR001338,D009,Dermatology,29,890,32.0,1.02,0
PR001339,D035,Endocrinology,11,450,47.9,1.2,0
PR001340,D040,Surgery,3,861,27.0,0.67,0
PR001341,D020,Ent,9,727,39.5,0.97,0
PR001342,D012,Pulmonology,22,990,34.5,1.03,0
PR001343,D021,Internal Medicine,4,697,23.3,1.08,0
PR001344,D025,Rheumatology,26,420,21.1,1.03,0
PR001345,D043,Urology,29,1237,25.1,0.98,0
PR001346,D005,Radiology,27,592,22.1,0.76,0
PR001347,D001,Cardiology,27,471,30.7,2.59,1
PR001348,D046,Internal Medicine,31,1260,20.6,1.05,0
PR001349,D041,Obstetrics,15,959,18.5,0.7,0
PR001350,D022,Rehabilitation,6,1208,26.2,1.15,0
PR001351,D013,Nephrology,11,1133,29.3,1.3,0
PR001352,D041,Obstetrics,4,996,20.2,1.02,0
PR001353,D049,Infectious Disease,23,662,25.4,1.2,0
PR001354,D041,Obstetrics,14,1229,36.1,1.21,0
PR001355,D037,Pulmonology,7,646,23.4,0.92,0
PR001356,D037,Pulmonology,15,676,27.6,1.18,0
PR001357,D019,Ophthalmology,29,1016,29.5,0.57,0
PR001358,D035,Endocrinology,12,1163,40.0,1.04,0
PR001359,D017,Gynecology,31,475,38.0,0.99,0
PR001360,D025,Rheumatology,1,570,34.2,1.27,0
PR001361,D036,Gastroenterology,32,1234,11.2,0.78,0
PR001362,D034,Dermatology,20,868,30.5,1.06,0
PR001363,D042,Gynecology,27,1228,23.6,1.47,0
PR001364,D002,Oncology,2,1156,31.4,1.05,0
PR001365,D008,Orthopedics,24,1304,38.0,0.4,0
PR001366,D034,Dermatology,31,938,12.7,2.04,1
PR001367,D046,Internal Medicine,35,1025,31.5,1.08,0
PR001368,D030,Radiology,23,1226,28.1,0.91,0
PR001369,D034,Dermatology,11,707,30.4,0.79,0
PR001370,D041,Obstetrics,4,1221,44.9,0.91,0
PR001371,D019,Ophthalmology,3,1007,27.3,1.01,0
PR001372,D037,Pulmonology,8,763,29.0,0.59,0
PR001373,D005,Radiology,34,732,19.4,0.51,0
PR001374,D022,Rehabilitation,34,924,32.5,1.64,1
PR001375,D007,Pediatrics,32,867,32.5,1.02,0
PR001376,D035,Endocrinology,13,998,14.8,1.04,0
PR001377,D010,Endocrinology,6,886,38.4,1.02,0
PR001378,D012,Pulmonology,14,871,23.0,1.9,1
PR001379,D030,Radiology,28,893,26.0,1.92,1
PR001380,D025,Rheumatology,26,622,39.8,0.92,0
PR001381,D001,Cardiology,28,750,31.9,1.3,0
PR001382,D048,Geriatrics,7,145,19.0,0.98,0
PR001383,D017,Gynecology,23,1060,40.7,1.17,0
PR001384,D008,Orthopedics,8,405,15.7,1.22,0
PR001385,D047,Rehabilitation,4,290,11.3,1.26,0
PR001386,D034,Dermatology,27,367,14.2,2.15,1
PR001387,D028,Neurology,30,820,29.5,0.96,0
PR001388,D048,Geriatrics,25,660,20.1,0.97,0
PR001389,D039,Psychiatry,34,1085,32.5,0.66,0
PR001390,D018,Urology,11,781,14.2,1.21,0
PR001391,D019,Ophthalmology,31,594,24.5,0.9,0
PR001392,D010,Endocrinology,1,575,31.2,0.95,0
PR001393,D022,Rehabilitation,17,1099,23.9,1.21,0
PR001394,D008,Orthopedics,25,286,14.6,1.03,0
PR001395,D006,Family Medicine,22,705,37.9,1.28,0
PR001396,D016,Obstetrics,27,945,26.8,1.11,0
PR001397,D012,Pulmonology,13,887,34.5,1.01,0
PR001398,D035,Endocrinology,1,1229,30.4,0.8,0
PR001399,D042,Gynecology,31,1110,44.4,1.64,1
PR001400,D024,Infectious Disease,35,1000,35.0,0.8,0
PR001401,D050,Rheumatology,32,847,23.8,1.18,0
PR001402,D026,Cardiology,28,1141,11.5,1.94,1
PR001403,D049,Infectious Disease,7,794,29.4,0.93,0
PR001404,D031,Family Medicine,20,1031,24.0,0.81,0
PR001405,D024,Infectious Disease,7,1022,17.5,0.86,0
PR001406,D009,Dermatology,26,861,29.2,1.06,0
PR001407,D006,Family Medicine,10,1296,20.7,1.18,0
PR001408,D021,Internal Medicine,32,1061,23.7,1.22,0
PR001409,D040,Surgery,23,1165,37.4,0.73,0
PR001410,D046,Internal Medicine,21,610,17.4,0.49,0
PR001411,D037,Pulmonology,4,928,18.2,0.85,0
PR001412,D005,Radiology,15,888,22.4,1.19,0
PR001413,D040,Surgery,34,764,40.5,1.09,0
PR001414,D006,Family Medicine,21,647,25.4,0.81,0
PR001415,D031,Family Medicine,13,575,44.9,1.26,0
PR001416,D028,Neurology,25,649,14.7,1.01,0
PR001417,D008,Orthopedics,16,1311,19.8,0.78,0
PR001418,D018,Urology,27,1142,23.8,1.04,0
PR001419,D034,Dermatology,20,1585,27.1,1.1,0
PR001420,D017,Gynecology,14,1031,15.4,1.21,0
PR001421,D033,Orthopedics,11,666,28.9,1.09,0
PR001422,D014,Psychiatry,28,1135,32.5,1.12,0
PR001423,D021,Internal Medicine,12,1200,43.3,0.85,0
PR001424,D024,Infectious Disease,14,1054,39.7,0.64,0
PR001425,D028,Neurology,10,466,40.7,0.66,0
PR001426,D031,Family Medicine,16,814,44.2,0.76,0
PR001427,D019,Ophthalmology,30,1356,18.6,1.09,0
PR001428,D028,Neurology,17,1410,31.0,0.57,0
PR001429,D020,Ent,33,1138,23.7,1.03,0
PR001430,D048,Geriatrics,7,707,15.4,2.25,1
PR001431,D038,Nephrology,3,997,34.5,0.88,0
PR001432,D034,Dermatology,28,1559,28.0,1.12,0
PR001433,D014,Psychiatry,11,739,27.3,1.01,0
PR001434,D028,Neurology,17,681,31.2,0.49,0
PR001435,D002,Oncology,5,942,18.7,1.0,0
PR001436,D032,Pediatrics,26,642,11.5,0.9,0
PR001437,D004,Emergency,13,805,18.6,1.25,0
PR001438,D027,Oncology,33,1073,38.1,0.63,0
PR001439,D009,Dermatology,7,1166,22.3,1.32,0
PR001440,D038,Nephrology,22,451,25.9,0.55,0
PR001441,D036,Gastroenterology,7,894,27.9,1.18,0
PR001442,D016,Obstetrics,9,1281,29.6,1.45,0
PR001443,D039,Psychiatry,19,789,38.3,0.79,0
PR001444,D032,Pediatrics,10,1293,20.1,0.97,0
PR001445,D013,Nephrology,1,796,33.7,0.81,0
PR001446,D043,Urology,20,268,33.4,0.64,0
PR001447,D040,Surgery,20,1150,19.6,0.66,0
PR001448,D036,Gastroenterology,2,704,30.7,1.28,0
PR001449,D009,Dermatology,14,1755,42.3,0.64,0
PR001450,D050,Rheumatology,1,889,35.9,1.44,0
PR001451,D040,Surgery,33,797,29.6,0.4,0
PR001452,D050,Rheumatology,33,856,17.7,0.4,0
PR001453,D045,Ent,24,696,25.5,0.7,0
PR001454,D039,Psychiatry,27,917,33.3,0.88,0
PR001455,D001,Cardiology,19,811,27.3,1.62,1
PR001456,D035,Endocrinology,23,658,39.5,0.9,0
PR001457,D012,Pulmonology,30,1000,44.7,1.54,1
PR001458,D012,Pulmonology,17,1195,23.6,1.0,0
PR001459,D034,Dermatology,11,1575,23.4,0.99,0
PR001460,D035,Endocrinology,14,792,20.4,0.88,0
PR001461,D047,Rehabilitation,32,1344,29.2,1.35,0
PR001462,D011,Gastroenterology,5,950,31.6,1.06,0
PR001463,D034,Dermatology,33,706,36.5,0.4,0
PR001464,D025,Rheumatology,10,955,36.0,2.17,1
PR001465,D048,Geriatrics,7,778,33.7,0.92,0
PR001466,D006,Family Medicine,29,736,36.7,0.98,0
PR001467,D037,Pulmonology,8,860,22.8,1.19,0
PR001468,D033,Orthopedics,31,1193,20.0,1.23,0
PR001469,D008,Orthopedics,34,898,18.2,0.97,0
PR001470,D011,Gastroenterology,3,814,30.3,0.94,0
PR001471,D016,Obstetrics,18,1101,46.4,1.23,0
PR001472,D013,Nephrology,28,285,24.4,0.81,0
PR001473,D047,Rehabilitation,6,1005,17.8,0.97,0
PR001474,D033,Orthopedics,28,1107,10.1,1.4,0
PR001475,D014,Psychiatry,11,662,28.3,0.66,0
PR001476,D006,Family Medicine,2,1005,25.7,0.85,0
PR001477,D017,Gynecology,20,1135,25.3,1.45,0
PR001478,D019,Ophthalmology,33,648,28.0,1.28,0
PR001479,D024,Infectious Disease,13,683,20.7,0.95,0
PR001480,D031,Family Medicine,22,963,32.7,0.95,0
PR001481,D050,Rheumatology,32,1058,28.3,0.98,0
PR001482,D045,Ent,3,1300,15.5,1.3,0
PR001483,D006,Family Medicine,25,1415,8.0,0.66,0
PR001484,D041,Obstetrics,34,899,26.8,0.83,0
PR001485,D040,Surgery,11,859,20.5,2.47,1
PR001486,D043,Urology,7,301,39.1,1.16,0
PR001487,D037,Pulmonology,27,1482,26.2,1.02,0
PR001488,D006,Family Medicine,3,948,21.2,0.84,0
PR001489,D008,Orthopedics,16,687,32.8,0.77,0
PR001490,D036,Gastroenterology,33,561,27.9,1.03,0
PR001491,D041,Obstetrics,14,1043,46.8,0.68,0
PR001492,D007,Pediatrics,33,710,25.7,0.81,0
PR001493,D041,Obstetrics,15,285,32.5,0.48,0
PR001494,D026,Cardiology,7,1256,21.5,0.94,0
PR001495,D041,Obstetrics,4,841,43.5,0.88,0
PR001496,D003,Neurology,32,714,32.3,1.21,0
PR001497,D022,Rehabilitation,26,1053,18.1,0.74,0
PR001498,D035,Endocrinology,11,1076,39.9,0.68,0
PR001499,D046,Internal Medicine,19,893,33.8,1.19,0
PR001500,D007,Pediatrics,25,953,32.8,2.46,1
PR001501,D016,Obstetrics,28,652,28.7,1.17,0
PR001502,D050,Rheumatology,2,529,31.6,2.24,1
PR001503,D002,Oncology,21,1109,31.3,0.4,0
PR001504,D046,Internal Medicine,31,502,38.2,0.76,0
PR001505,D024,Infectious Disease,17,420,32.7,0.94,0
PR001506,D047,Rehabilitation,23,753,28.5,1.24,0
PR001507,D024,Infectious Disease,5,578,33.1,0.97,0
PR001508,D020,Ent,29,998,31.2,0.69,0
PR001509,D028,Neurology,27,1087,34.1,0.51,0
PR001510,D017,Gynecology,28,128,21.7,1.4,0
PR001511,D031,Family Medicine,28,694,39.7,1.14,0
PR001512,D040,Surgery,35,789,21.4,0.93,0
PR001513,D031,Family Medicine,3,1011,25.0,0.84,0
PR001514,D030,Radiology,17,1171,37.9,0.84,0
PR001515,D016,Obstetrics,31,871,17.0,1.37,0
PR001516,D030,Radiology,19,732,34.8,0.7,0
PR001517,D022,Rehabilitation,18,886,30.6,0.85,0
PR001518,D007,Pediatrics,26,501,25.6,1.07,0
PR001519,D009,Dermatology,28,592,16.3,0.74,0
PR001520,D040,Surgery,29,1035,17.7,0.79,0
PR001521,D028,Neurology,8,678,35.5,0.75,0
PR001522,D050,Rheumatology,21,646,34.5,0.75,0
PR001523,D012,Pulmonology,14,950,20.1,1.13,0
PR001524,D042,Gynecology,14,893,11.7,1.06,0
PR001525,D036,Gastroenterology,24,748,30.8,1.12,0
PR001526,D015,Surgery,29,1039,27.4,1.04,0
PR001527,D042,Gynecology,3,1199,33.3,0.55,0
PR001528,D002,Oncology,17,951,34.8,1.14,0
PR001529,D032,Pediatrics,24,950,25.8,1.68,1
PR001530,D050,Rheumatology,32,978,33.0,0.93,0
PR001531,D032,Pediatrics,6,605,23.7,0.92,0
PR001532,D018,Urology,35,1251,40.5,0.84,0
PR001533,D025,Rheumatology,10,864,34.7,0.84,0
PR001534,D030,Radiology,11,1720,17.9,1.24,0
PR001535,D041,Obstetrics,24,973,33.2,1.26,0
PR001536,D035,Endocrinology,31,1362,26.4,1.07,0
PR001537,D015,Surgery,7,373,26.3,0.76,0
PR001538,D012,Pulmonology,24,963,29.7,1.05,0
PR001539,D012,Pulmonology,11,894,33.0,1.22,0
PR001540,D022,Rehabilitation,13,1533,40.0,1.28,0
PR001541,D050,Rheumatology,4,554,21.4,1.3,0
PR001542,D031,Family Medicine,25,770,38.6,1.82,1
PR001543,D050,Rheumatology,29,1331,12.0,1.03,0
PR001544,D008,Orthopedics,9,346,26.0,1.26,0
PR001545,D032,Pediatrics,28,866,15.0,1.13,0
PR001546,D012,Pulmonology,4,1087,15.0,1.29,0
PR001547,D014,Psychiatry,16,1029,29.5,1.0,0
PR001548,D025,Rheumatology,26,883,33.1,1.19,0
PR001549,D036,Gastroenterology,15,794,26.2,0.52,0
PR001550,D040,Surgery,24,1180,22.5,0.99,0
PR001551,D021,Internal Medicine,3,1015,28.3,1.39,0
PR001552,D031,Family Medicine,8,350,31.6,0.93,0
PR001553,D038,Nephrology,34,879,29.7,1.11,0
PR001554,D029,Emergency,7,858,42.4,0.6,0
PR001555,D031,Family Medicine,1,1074,31.1,0.81,0
PR001556,D010,Endocrinology,29,1020,25.5,1.02,0
PR001557,D042,Gynecology,19,1030,35.6,0.92,0
PR001558,D047,Rehabilitation,24,1409,24.7,1.48,0
PR001559,D010,Endocrinology,15,700,20.3,1.24,0
PR001560,D014,Psychiatry,26,923,27.6,0.82,0
PR001561,D050,Rheumatology,5,1014,29.4,0.86,0
PR001562,D008,Orthopedics,26,932,34.0,1.71,1
PR001563,D002,Oncology,34,1198,37.6,0.63,0
PR001564,D019,Ophthalmology,22,1380,37.8,1.12,0
PR001565,D005,Radiology,31,1002,23.3,1.04,0
PR001566,D025,Rheumatology,11,685,21.6,0.71,0
PR001567,D036,Gastroenterology,35,661,17.5,1.22,0
PR001568,D014,Psychiatry,15,955,21.2,1.11,0
PR001569,D048,Geriatrics,21,896,41.1,0.82,0
PR001570,D039,Psychiatry,12,1085,20.3,1.31,0
PR001571,D026,Cardiology,4,937,27.3,1.25,0
PR001572,D012,Pulmonology,5,707,25.0,1.11,0
PR001573,D024,Infectious Disease,23,1006,34.7,1.24,0
PR001574,D045,Ent,19,1165,22.2,1.07,0
PR001575,D029,Emergency,26,872,27.7,1.45,0
PR001576,D019,Ophthalmology,24,739,26.8,0.65,0
PR001577,D006,Family Medicine,31,786,36.2,0.86,0
PR001578,D004,Emergency,31,730,36.0,0.88,0
PR001579,D014,Psychiatry,19,1148,27.3,0.94,0
PR001580,D042,Gynecology,32,1228,28.7,0.94,0
PR001581,D028,Neurology,23,1082,37.3,1.35,0
PR001582,D001,Cardiology,12,835,26.3,0.91,0
PR001583,D045,Ent,14,1296,26.7,0.94,0
PR001584,D045,Ent,27,763,29.1,1.62,1
PR001585,D049,Infectious Disease,24,1457,27.3,1.43,0
PR001586,D005,Radiology,11,631,30.6,1.01,0
PR001587,D040,Surgery,28,1496,27.6,0.74,0
PR001588,D008,Orthopedics,5,1075,24.2,0.75,0
PR001589,D024,Infectious Disease,26,1041,30.9,2.56,1
PR001590,D019,Ophthalmology,28,1597,31.1,0.75,0
PR001591,D022,Rehabilitation,24,853,18.2,1.05,0
PR001592,D020,Ent,10,812,27.1,0.67,0
PR001593,D007,Pediatrics,20,710,35.7,0.72,0
PR001594,D042,Gynecology,4,1356,29.6,1.22,0
PR001595,D026,Cardiology,16,1167,33.2,0.99,0
PR001596,D048,Geriatrics,27,839,27.6,1.35,0
PR001597,D046,Internal Medicine,14,730,9.8,1.65,1
PR001598,D046,Internal Medicine,29,731,22.7,1.04,0
PR001599,D048,Geriatrics,16,1188,35.3,1.16,0
PR001600,D034,Dermatology,33,383,32.4,1.14,0
PR001601,D047,Rehabilitation,22,1149,21.6,0.99,0
PR001602,D033,Orthopedics,9,553,28.3,1.05,0
PR001603,D014,Psychiatry,14,491,30.1,1.18,0
PR001604,D015,Surgery,30,820,37.9,2.32,1
PR001605,D018,Urology,24,1181,36.9,1.2,0
PR001606,D009,Dermatology,10,762,30.6,1.35,0
PR001607,D042,Gynecology,27,464,13.3,1.39,0
PR001608,D008,Orthopedics,12,542,29.3,1.08,0
PR001609,D041,Obstetrics,16,1191,36.2,1.07,0
PR001610,D022,Rehabilitation,21,795,14.2,1.3,0
PR001611,D028,Neurology,23,985,31.6,1.23,0
PR001612,D020,Ent,25,681,31.6,1.57,1
PR001613,D036,Gastroenterology,29,658,29.8,1.12,0
PR001614,D045,Ent,4,902,20.1,0.65,0
PR001615,D009,Dermatology,6,767,24.7,0.86,0
PR001616,D013,Nephrology,32,737,18.0,1.1,0
PR001617,D024,Infectious Disease,27,633,49.9,1.1,0
PR001618,D037,Pulmonology,1,1112,25.2,1.78,1
PR001619,D022,Rehabilitation,30,805,40.4,1.02,0
PR001620,D019,Ophthalmology,25,1308,15.6,0.93,0
PR001621,D027,Oncology,23,1061,23.2,1.3,0
PR001622,D034,Dermatology,13,784,31.1,1.35,0
PR001623,D014,Psychiatry,21,661,10.0,0.9,0
PR001624,D011,Gastroenterology,13,297,26.2,1.2,0
PR001625,D044,Ophthalmology,10,927,8.5,1.79,1
PR001626,D028,Neurology,21,724,27.0,1.26,0
PR001627,D015,Surgery,28,1102,27.3,0.88,0
PR001628,D035,Endocrinology,17,621,37.4,1.12,0
PR001629,D015,Surgery,4,952,16.3,0.75,0
PR001630,D034,Dermatology,23,578,21.6,0.66,0
PR001631,D006,Family Medicine,24,991,25.8,0.78,0
PR001632,D025,Rheumatology,28,965,31.6,1.32,0
PR001633,D026,Cardiology,10,515,32.4,0.97,0
PR001634,D026,Cardiology,3,1129,25.8,0.56,0
PR001635,D014,Psychiatry,23,443,15.0,1.05,0
PR001636,D011,Gastroenterology,10,954,34.4,0.98,0
PR001637,D035,Endocrinology,23,797,33.8,1.17,0
PR001638,D040,Surgery,26,1313,25.7,1.07,0
PR001639,D029,Emergency,28,625,25.8,1.22,0
PR001640,D038,Nephrology,31,792,15.0,0.96,0
PR001641,D027,Oncology,30,861,35.0,0.68,0
PR001642,D046,Internal Medicine,2,755,28.4,2.41,1
PR001643,D049,Infectious Disease,11,1143,27.5,0.89,0
PR001644,D047,Rehabilitation,16,638,20.5,0.77,0
PR001645,D006,Family Medicine,32,936,25.6,0.98,0
PR001646,D001,Cardiology,14,1046,30.1,1.15,0
PR001647,D040,Surgery,8,1508,42.2,1.14,0
PR001648,D047,Rehabilitation,23,1000,39.8,0.94,0
PR001649,D017,Gynecology,9,940,25.0,1.24,0
PR001650,D014,Psychiatry,13,744,29.7,0.75,0
PR001651,D038,Nephrology,12,691,19.7,0.93,0
PR001652,D047,Rehabilitation,34,1106,22.1,0.87,0
PR001653,D003,Neurology,32,738,36.7,0.73,0
PR001654,D035,Endocrinology,18,1047,52.1,1.39,0
PR001655,D003,Neurology,6,1291,12.2,1.03,0
PR001656,D026,Cardiology,19,878,19.9,0.81,0
PR001657,D031,Family Medicine,5,1157,23.8,0.9,0
PR001658,D022,Rehabilitation,2,1226,31.5,1.0,0
PR001659,D047,Rehabilitation,31,720,26.7,1.32,0
PR001660,D048,Geriatrics,9,929,33.8,1.16,0
PR001661,D005,Radiology,22,621,42.4,0.97,0
PR001662,D031,Family Medicine,14,900,23.1,2.32,1
PR001663,D026,Cardiology,1,874,25.3,2.45,1
PR001664,D009,Dermatology,15,879,32.7,1.26,0
PR001665,D004,Emergency,34,1489,22.8,0.88,0
PR001666,D021,Internal Medicine,10,1172,35.3,0.64,0
PR001667,D037,Pulmonology,12,541,19.2,1.15,0
PR001668,D047,Rehabilitation,25,606,26.5,0.65,0
PR001669,D024,Infectious Disease,28,625,35.5,0.48,0
PR001670,D011,Gastroenterology,22,548,37.3,1.09,0
PR001671,D010,Endocrinology,9,507,30.3,1.14,0
PR001672,D030,Radiology,22,566,8.0,0.68,0
PR001673,D028,Neurology,30,664,28.7,1.29,0
PR001674,D011,Gastroenterology,21,993,37.7,0.69,0
PR001675,D014,Psychiatry,23,713,41.0,0.94,0
PR001676,D016,Obstetrics,34,949,26.5,0.9,0
PR001677,D027,Oncology,29,900,30.0,1.09,0
PR001678,D002,Oncology,6,1181,33.9,1.42,0
PR001679,D036,Gastroenterology,13,470,34.1,0.74,0
PR001680,D045,Ent,18,828,28.8,1.19,0
PR001681,D022,Rehabilitation,28,1409,36.8,1.01,0
PR001682,D041,Obstetrics,35,823,24.9,1.3,0
PR001683,D030,Radiology,1,962,9.5,0.88,0
PR001684,D046,Internal Medicine,4,967,35.1,0.79,0
PR001685,D002,Oncology,29,572,19.3,0.93,0
PR001686,D016,Obstetrics,31,465,28.5,0.79,0
PR001687,D004,Emergency,34,514,34.0,1.11,0
PR001688,D038,Nephrology,19,545,27.9,1.22,0
PR001689,D012,Pulmonology,12,934,16.7,1.0,0
PR001690,D009,Dermatology,22,996,39.0,1.17,0
PR001691,D020,Ent,27,1219,28.7,1.04,0
PR001692,D048,Geriatrics,24,775,23.4,1.18,0
PR001693,D048,Geriatrics,31,752,27.3,0.92,0
PR001694,D039,Psychiatry,26,816,26.0,1.0,0
PR001695,D005,Radiology,29,1273,23.0,1.2,0
PR001696,D048,Geriatrics,29,601,19.4,1.28,0
PR001697,D026,Cardiology,30,1495,44.9,0.74,0
PR001698,D023,Geriatrics,21,792,17.9,0.74,0
PR001699,D022,Rehabilitation,15,1152,23.3,0.91,0
PR001700,D005,Radiology,32,982,22.7,0.59,0
PR001701,D030,Radiology,2,785,41.6,0.93,0
PR001702,D049,Infectious Disease,3,1117,30.3,1.0,0
PR001703,D018,Urology,14,1062,38.1,1.08,0
PR001704,D039,Psychiatry,9,1095,23.6,1.57,1
PR001705,D008,Orthopedics,19,916,36.0,1.43,0
PR001706,D044,Ophthalmology,7,731,33.2,1.31,0
PR001707,D001,Cardiology,31,901,23.6,0.77,0
PR001708,D008,Orthopedics,18,436,30.0,2.32,1
PR001709,D045,Ent,26,737,32.1,1.16,0
PR001710,D001,Cardiology,15,1525,20.7,1.32,0
PR001711,D036,Gastroenterology,33,1008,25.8,0.47,0
PR001712,D046,Internal Medicine,5,815,26.4,1.91,1
PR001713,D025,Rheumatology,34,1024,36.1,1.14,0
PR001714,D040,Surgery,20,1034,35.2,1.0,0
PR001715,D046,Internal Medicine,17,604,32.4,0.92,0
PR001716,D037,Pulmonology,17,599,30.8,0.56,0
PR001717,D036,Gastroenterology,24,1049,32.2,1.17,0
PR001718,D049,Infectious Disease,8,1110,33.3,0.58,0
PR001719,D030,Radiology,17,729,35.8,1.27,0
PR001720,D001,Cardiology,3,969,13.2,1.1,0
PR001721,D025,Rheumatology,32,811,31.5,1.05,0
PR001722,D018,Urology,1,1105,21.6,0.72,0
PR001723,D044,Ophthalmology,12,1219,34.4,1.09,0
PR001724,D004,Emergency,33,727,28.0,1.13,0
PR001725,D002,Oncology,11,738,39.0,1.13,0
PR001726,D046,Internal Medicine,9,1186,20.3,1.5,0
PR001727,D022,Rehabilitation,19,505,25.2,1.04,0
PR001728,D013,Nephrology,29,926,25.4,0.84,0
PR001729,D032,Pediatrics,18,881,28.8,0.93,0
PR001730,D019,Ophthalmology,5,555,16.6,1.4,0
PR001731,D010,Endocrinology,7,441,24.9,0.52,0
PR001732,D017,Gynecology,26,1068,23.8,1.09,0
PR001733,D025,Rheumatology,34,986,39.5,1.04,0
PR001734,D022,Rehabilitation,16,985,29.0,0.81,0
PR001735,D045,Ent,24,694,28.7,0.9,0
PR001736,D010,Endocrinology,11,859,20.4,0.8,0
PR001737,D038,Nephrology,33,930,31.7,2.21,1
PR001738,D045,Ent,29,1415,29.8,1.21,0
PR001739,D003,Neurology,2,1569,22.6,2.24,1
PR001740,D001,Cardiology,35,444,52.0,1.07,0
PR001741,D024,Infectious Disease,2,1491,23.2,1.04,0
PR001742,D028,Neurology,29,803,22.8,1.05,0
PR001743,D050,Rheumatology,34,1205,27.1,0.81,0
PR001744,D040,Surgery,33,988,31.0,1.1,0
PR001745,D042,Gynecology,11,849,15.8,1.37,0
PR001746,D046,Internal Medicine,27,1417,27.2,1.02,0
PR001747,D043,Urology,25,1497,43.0,0.86,0
PR001748,D016,Obstetrics,3,1129,11.3,0.81,0
PR001749,D023,Geriatrics,28,836,31.4,2.13,1
PR001750,D012,Pulmonology,21,738,28.9,1.95,1
PR001751,D032,Pediatrics,14,199,36.5,1.45,0
PR001752,D031,Family Medicine,4,936,36.8,0.78,0
PR001753,D045,Ent,8,926,26.1,1.18,0
PR001754,D044,Ophthalmology,5,826,36.0,1.02,0
PR001755,D047,Rehabilitation,32,1473,30.5,0.76,0
PR001756,D040,Surgery,24,900,17.7,1.2,0
PR001757,D043,Urology,24,960,24.6,1.2,0
PR001758,D009,Dermatology,23,1115,22.5,0.99,0
PR001759,D002,Oncology,1,852,37.0,0.91,0
PR001760,D010,Endocrinology,23,1009,14.9,0.65,0
PR001761,D013,Nephrology,14,1408,31.0,1.64,1
PR001762,D013,Nephrology,30,1487,21.6,0.97,0
PR001763,D015,Surgery,2,1215,19.0,1.18,0
PR001764,D044,Ophthalmology,11,854,32.7,1.29,0
PR001765,D036,Gastroenterology,10,918,14.3,0.74,0
PR001766,D003,Neurology,22,878,18.7,0.85,0
PR001767,D005,Radiology,7,930,38.5,0.54,0
PR001768,D049,Infectious Disease,34,1209,21.5,1.23,0
PR001769,D042,Gynecology,4,724,16.5,0.51,0
PR001770,D046,Internal Medicine,23,883,15.4,0.74,0
PR001771,D022,Rehabilitation,23,1171,21.0,1.34,0
PR001772,D032,Pediatrics,22,1115,30.6,1.69,1
PR001773,D002,Oncology,32,917,43.0,0.91,0
PR001774,D017,Gynecology,22,1126,22.8,1.09,0
PR001775,D040,Surgery,6,1074,34.5,0.95,0
PR001776,D009,Dermatology,10,1253,27.3,1.17,0
PR001777,D050,Rheumatology,15,766,22.7,1.05,0
PR001778,D011,Gastroenterology,31,1180,25.9,0.79,0
PR001779,D022,Rehabilitation,12,802,38.1,0.83,0
PR001780,D017,Gynecology,17,1345,25.7,0.93,0
PR001781,D009,Dermatology,24,779,26.6,1.27,0
PR001782,D007,Pediatrics,28,977,37.8,1.32,0
PR001783,D021,Internal Medicine,34,738,29.2,1.2,0
PR001784,D050,Rheumatology,20,481,25.4,0.73,0
PR001785,D031,Family Medicine,28,697,19.6,0.76,0
PR001786,D038,Nephrology,1,722,10.0,1.91,1
PR001787,D041,Obstetrics,26,1423,38.7,0.94,0
PR001788,D039,Psychiatry,10,1360,21.2,1.61,1
PR001789,D050,Rheumatology,23,1254,45.0,1.49,0
PR001790,D049,Infectious Disease,21,315,17.0,1.28,0
PR001791,D026,Cardiology,7,1050,32.8,0.55,0
PR001792,D020,Ent,5,1298,43.6,0.69,0
PR001793,D006,Family Medicine,30,615,18.4,1.73,1
PR001794,D040,Surgery,21,1176,36.9,0.65,0
PR001795,D008,Orthopedics,26,1133,36.9,0.88,0
PR001796,D021,Internal Medicine,25,598,31.6,1.07,0
PR001797,D015,Surgery,2,664,26.0,0.79,0
PR001798,D043,Urology,18,1089,9.3,1.27,0
PR001799,D047,Rehabilitation,35,1160,35.9,1.26,0
PR001800,D004,Emergency,32,328,30.7,1.4,0
PR001801,D020,Ent,6,1100,21.5,0.61,0
PR001802,D017,Gynecology,28,610,32.0,1.02,0
PR001803,D027,Oncology,1,759,32.2,1.41,0
PR001804,D038,Nephrology,9,963,19.6,0.93,0
PR001805,D009,Dermatology,19,746,31.3,1.58,1
PR001806,D034,Dermatology,1,1168,19.3,1.05,0
PR001807,D045,Ent,4,982,28.7,1.18,0
PR001808,D033,Orthopedics,16,696,33.2,2.51,1
PR001809,D010,Endocrinology,25,1226,34.0,0.81,0
PR001810,D042,Gynecology,13,496,33.5,1.12,0
PR001811,D006,Family Medicine,1,1355,32.8,1.13,0
PR001812,D049,Infectious Disease,25,753,30.1,1.18,0
PR001813,D047,Rehabilitation,33,701,28.6,1.62,1
PR001814,D011,Gastroenterology,26,806,29.7,1.05,0
PR001815,D048,Geriatrics,19,722,29.1,1.25,0
PR001816,D018,Urology,30,437,39.1,1.01,0
PR001817,D032,Pediatrics,15,935,33.9,1.11,0
PR001818,D038,Nephrology,31,1785,23.0,0.83,0
PR001819,D018,Urology,14,869,23.5,0.94,0
PR001820,D033,Orthopedics,6,600,19.9,0.88,0
PR001821,D039,Psychiatry,8,1020,23.7,0.88,0
PR001822,D001,Cardiology,34,737,43.1,0.96,0
PR001823,D006,Family Medicine,23,644,36.6,0.95,0
PR001824,D044,Ophthalmology,3,1040,15.2,0.65,0
PR001825,D018,Urology,18,1607,29.1,0.87,0
PR001826,D004,Emergency,29,581,33.9,1.13,0
PR001827,D007,Pediatrics,8,1079,44.5,1.05,0
PR001828,D034,Dermatology,28,829,19.9,1.51,1
PR001829,D029,Emergency,11,1407,21.6,0.72,0
PR001830,D049,Infectious Disease,6,1026,18.0,1.0,0
PR001831,D016,Obstetrics,11,1275,17.5,1.59,1
PR001832,D039,Psychiatry,26,1589,36.7,0.94,0
PR001833,D010,Endocrinology,1,536,28.0,0.91,0
PR001834,D044,Ophthalmology,1,1030,28.1,1.12,0
PR001835,D031,Family Medicine,21,614,25.2,0.78,0
PR001836,D022,Rehabilitation,13,1956,8.0,0.71,0
PR001837,D027,Oncology,15,366,36.4,1.04,0
PR001838,D015,Surgery,12,1112,43.9,1.11,0
PR001839,D013,Nephrology,13,1092,26.8,2.45,1
PR001840,D001,Cardiology,7,1359,26.0,2.24,1
PR001841,D016,Obstetrics,28,436,34.5,0.93,0
PR001842,D012,Pulmonology,24,993,24.7,0.76,0
PR001843,D039,Psychiatry,35,1175,12.7,1.64,1
PR001844,D038,Nephrology,3,919,27.4,0.64,0
PR001845,D035,Endocrinology,35,545,28.2,0.65,0
PR001846,D002,Oncology,11,838,12.6,1.27,0
PR001847,D012,Pulmonology,24,1100,22.0,1.27,0
PR001848,D017,Gynecology,22,1102,25.7,0.67,0
PR001849,D044,Ophthalmology,12,1069,25.1,1.21,0
PR001850,D002,Oncology,12,1394,34.9,0.85,0
PR001851,D004,Emergency,15,598,19.5,1.23,0
PR001852,D020,Ent,15,799,39.9,0.89,0
PR001853,D023,Geriatrics,25,440,25.4,1.13,0
PR001854,D050,Rheumatology,3,556,20.9,0.4,0
PR001855,D018,Urology,12,780,17.1,1.18,0
PR001856,D023,Geriatrics,35,522,33.7,0.77,0
PR001857,D009,Dermatology,33,905,27.4,0.92,0
PR001858,D002,Oncology,31,1335,24.8,1.17,0
PR001859,D022,Rehabilitation,16,526,35.8,0.72,0
PR001860,D042,Gynecology,22,995,24.9,0.97,0
PR001861,D025,Rheumatology,24,1326,27.4,1.22,0
PR001862,D025,Rheumatology,24,229,24.6,0.96,0
PR001863,D019,Ophthalmology,35,1268,26.6,0.97,0
PR001864,D031,Family Medicine,7,696,20.7,0.85,0
PR001865,D025,Rheumatology,19,474,22.8,2.03,1
PR001866,D050,Rheumatology,29,1474,13.0,1.33,0
PR001867,D038,Nephrology,8,793,27.7,2.32,1
PR001868,D022,Rehabilitation,1,407,31.3,2.24,1
PR001869,D040,Surgery,20,840,24.4,1.37,0
PR001870,D037,Pulmonology,19,917,34.5,2.33,1
PR001871,D012,Pulmonology,12,657,13.1,1.02,0
PR001872,D009,Dermatology,31,793,25.9,1.15,0
PR001873,D046,Internal Medicine,6,998,19.4,0.9,0
PR001874,D038,Nephrology,32,923,35.9,0.85,0
PR001875,D040,Surgery,24,729,24.1,1.28,0
PR001876,D033,Orthopedics,9,1033,30.9,0.98,0
PR001877,D026,Cardiology,18,962,17.3,1.37,0
PR001878,D036,Gastroenterology,7,737,29.8,1.07,0
PR001879,D024,Infectious Disease,7,1049,18.9,1.23,0
PR001880,D014,Psychiatry,12,148,28.3,1.56,1
PR001881,D027,Oncology,28,600,26.2,1.12,0
PR001882,D019,Ophthalmology,17,811,50.0,0.7,0
PR001883,D010,Endocrinology,32,986,31.4,1.41,0
PR001884,D021,Internal Medicine,3,663,20.3,1.06,0
PR001885,D026,Cardiology,11,1615,33.8,0.91,0
PR001886,D016,Obstetrics,26,1102,34.5,1.24,0
PR001887,D004,Emergency,18,797,38.9,0.69,0
PR001888,D012,Pulmonology,21,906,44.1,1.01,0
PR001889,D044,Ophthalmology,34,1215,26.3,1.27,0
PR001890,D014,Psychiatry,17,1072,33.0,1.25,0
PR001891,D041,Obstetrics,24,960,28.2,1.14,0
PR001892,D044,Ophthalmology,6,521,32.8,1.05,0
PR001893,D005,Radiology,31,1082,29.4,0.89,0
PR001894,D042,Gynecology,2,635,45.3,0.65,0
PR001895,D003,Neurology,20,1023,19.9,1.14,0
PR001896,D001,Cardiology,22,943,17.1,1.72,1
PR001897,D027,Oncology,27,1040,41.7,1.24,0
PR001898,D027,Oncology,3,669,40.1,0.94,0
PR001899,D016,Obstetrics,4,1453,14.2,1.03,0
PR001900,D050,Rheumatology,21,720,21.8,1.28,0
PR001901,D002,Oncology,7,991,25.5,1.43,0
PR001902,D006,Family Medicine,28,878,20.4,0.95,0
PR001903,D031,Family Medicine,30,947,32.6,0.65,0
PR001904,D013,Nephrology,8,890,42.8,1.16,0
PR001905,D013,Nephrology,10,634,22.2,1.01,0
PR001906,D036,Gastroenterology,25,891,34.4,1.24,0
PR001907,D029,Emergency,35,677,39.9,0.61,0
PR001908,D003,Neurology,5,810,45.9,1.19,0
PR001909,D050,Rheumatology,31,224,20.8,1.12,0
PR001910,D020,Ent,22,794,43.3,0.9,0
PR001911,D004,Emergency,11,895,25.0,1.07,0
PR001912,D026,Cardiology,25,1127,28.3,0.54,0
PR001913,D016,Obstetrics,3,978,26.4,1.12,0
PR001914,D028,Neurology,19,798,36.4,0.86,0
PR001915,D031,Family Medicine,34,964,19.2,1.03,0
PR001916,D017,Gynecology,32,758,29.2,1.86,1
PR001917,D033,Orthopedics,17,1023,20.9,0.99,0
PR001918,D028,Neurology,30,649,16.7,0.76,0
PR001919,D033,Orthopedics,10,1043,28.8,1.28,0
PR001920,D039,Psychiatry,35,847,13.4,1.27,0
PR001921,D015,Surgery,6,1474,26.8,0.87,0
PR001922,D046,Internal Medicine,30,213,23.2,1.57,1
PR001923,D029,Emergency,16,583,29.4,1.4,0
PR001924,D008,Orthopedics,33,742,26.5,1.06,0
PR001925,D026,Cardiology,10,948,44.0,1.14,0
PR001926,D040,Surgery,32,564,40.5,0.83,0
PR001927,D016,Obstetrics,17,1566,41.4,1.08,0
PR001928,D029,Emergency,4,1564,21.8,1.36,0
PR001929,D033,Orthopedics,17,839,35.0,1.25,0
PR001930,D041,Obstetrics,19,870,32.5,1.37,0
PR001931,D035,Endocrinology,30,968,28.0,1.03,0
PR001932,D046,Internal Medicine,22,769,20.8,1.56,1
PR001933,D021,Internal Medicine,6,763,39.7,0.42,0
PR001934,D018,Urology,24,479,20.2,0.97,0
PR001935,D041,Obstetrics,15,587,35.0,0.54,0
PR001936,D038,Nephrology,4,345,20.2,0.73,0
PR001937,D047,Rehabilitation,27,472,23.9,1.07,0
PR001938,D026,Cardiology,31,517,26.2,0.45,0
PR001939,D025,Rheumatology,25,1568,23.3,0.95,0
PR001940,D040,Surgery,21,808,40.0,0.69,0
PR001941,D047,Rehabilitation,19,187,20.9,1.06,0
PR001942,D027,Oncology,34,757,16.6,1.69,1
PR001943,D022,Rehabilitation,18,887,14.1,1.1,0
PR001944,D047,Rehabilitation,30,448,34.6,0.93,0
PR001945,D008,Orthopedics,10,1185,22.5,2.24,1
PR001946,D050,Rheumatology,7,1305,17.5,0.97,0
PR001947,D050,Rheumatology,14,757,22.2,0.79,0
PR001948,D024,Infectious Disease,28,647,19.3,0.67,0
PR001949,D030,Radiology,17,1037,35.9,1.15,0
PR001950,D049,Infectious Disease,6,610,22.0,0.85,0
PR001951,D032,Pediatrics,10,713,27.9,0.91,0
PR001952,D018,Urology,9,725,8.0,0.62,0
PR001953,D034,Dermatology,31,1121,8.0,2.27,1
PR001954,D038,Nephrology,21,508,31.6,0.92,0
PR001955,D044,Ophthalmology,23,1211,43.8,0.71,0
PR001956,D036,Gastroenterology,23,580,28.5,1.12,0
PR001957,D050,Rheumatology,9,1558,34.7,1.24,0
PR001958,D044,Ophthalmology,35,915,32.7,0.89,0
PR001959,D041,Obstetrics,26,758,33.7,0.66,0
PR001960,D031,Family Medicine,3,763,29.1,1.16,0
PR001961,D039,Psychiatry,19,1345,33.2,1.04,0
PR001962,D038,Nephrology,26,345,26.3,0.91,0
PR001963,D006,Family Medicine,3,888,45.8,0.84,0
PR001964,D043,Urology,14,1501,19.8,1.02,0
PR001965,D022,Rehabilitation,27,954,12.5,1.19,0
PR001966,D032,Pediatrics,28,930,25.8,0.91,0
PR001967,D045,Ent,28,1061,27.9,1.06,0
PR001968,D014,Psychiatry,30,1137,23.8,1.35,0
PR001969,D002,Oncology,32,725,29.4,2.05,1
PR001970,D039,Psychiatry,21,1142,24.2,1.11,0
PR001971,D045,Ent,16,1100,35.6,2.21,1
PR001972,D040,Surgery,13,612,28.4,0.88,0
PR001973,D009,Dermatology,16,1160,38.3,1.15,0
PR001974,D017,Gynecology,10,855,39.9,1.28,0
PR001975,D018,Urology,20,497,30.8,1.21,0
PR001976,D044,Ophthalmology,29,632,25.0,1.24,0
PR001977,D041,Obstetrics,4,997,25.8,0.73,0
PR001978,D038,Nephrology,4,836,37.3,1.11,0
PR001979,D040,Surgery,33,1187,18.9,0.68,0
PR001980,D023,Geriatrics,30,372,24.2,1.15,0
PR001981,D017,Gynecology,16,694,27.9,0.89,0
PR001982,D015,Surgery,9,820,29.1,1.1,0
PR001983,D046,Internal Medicine,1,823,11.1,1.23,0
PR001984,D019,Ophthalmology,17,1089,34.4,2.27,1
PR001985,D009,Dermatology,5,1435,15.2,0.71,0
PR001986,D004,Emergency,33,1495,17.4,0.51,0
PR001987,D022,Rehabilitation,19,1228,35.1,1.06,0
PR001988,D040,Surgery,1,496,35.4,0.87,0
PR001989,D027,Oncology,18,1052,24.1,1.12,0
PR001990,D038,Nephrology,1,925,23.9,0.9,0
PR001991,D023,Geriatrics,23,1222,31.9,1.08,0
PR001992,D009,Dermatology,5,677,31.6,0.89,0
PR001993,D007,Pediatrics,33,1247,36.7,2.46,1
PR001994,D040,Surgery,15,956,42.5,1.01,0
PR001995,D032,Pediatrics,2,602,33.3,0.84,0
PR001996,D024,Infectious Disease,29,737,32.6,1.2,0
PR001997,D010,Endocrinology,9,1231,36.8,0.91,0
PR001998,D044,Ophthalmology,33,1130,25.8,1.06,0
PR001999,D027,Oncology,2,1176,20.8,0.6,0
PR002000,D020,Ent,28,1023,17.7,0.82,0
